Strata;Plot;Individuals;Specie;Height;Diameter
1;1;1254;Luetzelburgia andrade-limae;4.5;8.912676813
1;1;1255;Luetzelburgia andrade-limae;4.5;15.91549431
1;1;1256;Diptychandra aurantiaca;2.5;4.13802852
1;1;1256;Diptychandra aurantiaca;2.5;3.342253805
1;1;1256;Diptychandra aurantiaca;2.5;3.183098862
1;1;1256;Diptychandra aurantiaca;2.5;3.69239468
1;1;1257;Diptychandra aurantiaca;2.5;5.920563883
1;1;1258;Diptychandra aurantiaca;4;7.639437268
1;1;1259;Diptychandra aurantiaca;2;4.933803236
1;1;1259;Diptychandra aurantiaca;2;3.405915782
1;1;1259;Diptychandra aurantiaca;2;3.087605896
1;1;1259;Diptychandra aurantiaca;2;3.819718634
1;1;1260;morta;3;5.092958179
1;1;1261;morta;1.5;4.933803236
1;1;1262;Luetzelburgia andrade-limae;2;4.965634224
1;1;1263;Luetzelburgia andrade-limae;2;5.347606088
1;1;1263;Luetzelburgia andrade-limae;2;3.819718634
1;1;1264;Luetzelburgia bahiensis;3;7.321127382
1;1;1264;Luetzelburgia bahiensis;3;6.525352667
1;1;1264;Luetzelburgia bahiensis;3;5.092958179
1;1;1264;Luetzelburgia bahiensis;3;3.978873577
1;1;1264;Luetzelburgia bahiensis;3;6.589014644
1;1;1264;Luetzelburgia bahiensis;3;6.238873769
1;1;1264;Luetzelburgia bahiensis;3;4.774648293
1;1;1265;Luetzelburgia andrade-limae;4;8.116902098
1;1;1266;Diptychandra aurantiaca;4;6.079718826
1;1;1267;Diptychandra aurantiaca;4;7.957747155
1;1;1267;Diptychandra aurantiaca;4;4.13802852
1;1;1267;Diptychandra aurantiaca;4;3.342253805
1;1;1267;Diptychandra aurantiaca;4;3.819718634
1;1;1267;Diptychandra aurantiaca;4;4.647324338
1;1;1267;Diptychandra aurantiaca;4;3.183098862
1;1;1267;Diptychandra aurantiaca;4;3.787887646
1;1;1268;Diptychandra aurantiaca;2;4.201690498
1;1;1269;Luetzelburgia andrade-limae;4;6.207042781
1;1;1270;Diptychandra aurantiaca;4.5;7.639437268
1;1;1270;Diptychandra aurantiaca;4.5;3.819718634
1;1;1270;Diptychandra aurantiaca;4.5;5.092958179
1;1;1270;Diptychandra aurantiaca;4.5;4.83831027
1;1;1270;Diptychandra aurantiaca;4.5;3.183098862
1;1;1270;Diptychandra aurantiaca;4.5;3.787887646
1;1;1270;Diptychandra aurantiaca;4.5;4.551831372
1;1;1271;Pityrocarpa moniliformis;5;8.53070495
1;1;1271;Pityrocarpa moniliformis;5;5.729577951
1;1;1271;Pityrocarpa moniliformis;5;5.315775099
1;1;1272;Pityrocarpa moniliformis;3;4.774648293
1;1;1273;Diptychandra aurantiaca;4.5;12.09577567
1;1;1274;Luetzelburgia bahiensis;4.5;12.5732405
1;1;1275;Diptychandra aurantiaca;4.5;5.411268065
1;1;1276;Diptychandra aurantiaca;4.5;6.366197724
1;1;1277;Diptychandra aurantiaca;4;4.583662361
1;1;1277;Diptychandra aurantiaca;4;4.774648293
1;1;1278;Diptychandra aurantiaca;2;4.13802852
1;1;1279;Diptychandra aurantiaca;3;3.501408748
1;1;1280;Luetzelburgia bahiensis;4;7.639437268
1;1;1280;Luetzelburgia bahiensis;4;5.411268065
1;1;1281;Diptychandra aurantiaca;3;3.947042589
1;1;1282;Diptychandra aurantiaca;2;4.13802852
1;1;1283;Diptychandra aurantiaca;4;6.525352667
1;1;1284;Diptychandra aurantiaca;3;4.13802852
1;1;1285;morta;3;8.689859893
1;1;1286;Diptychandra aurantiaca;3;3.501408748
1;1;1287;Diptychandra aurantiaca;3;3.978873577
1;1;1288;Diptychandra aurantiaca;4;6.016056849
1;1;1289;Luetzelburgia andrade-limae;5;19.09859317
1;1;1290;Diptychandra aurantiaca;4;11.14084602
1;1;1290;Diptychandra aurantiaca;4;5.252113122
1;1;1290;Diptychandra aurantiaca;4;4.456338407
1;1;1291;Diptychandra aurantiaca;3;5.092958179
1;1;1292;Diptychandra aurantiaca;4;7.448451337
1;1;1292;Diptychandra aurantiaca;4;4.774648293
1;1;1293;Diptychandra aurantiaca;3;6.207042781
1;1;1293;Diptychandra aurantiaca;3;4.456338407
1;1;1294;Diptychandra aurantiaca;3;5.888732894
1;1;1295;Diptychandra aurantiaca;2.5;3.183098862
1;1;1296;morta;3;12.09577567
1;1;1297;Diptychandra aurantiaca;4;4.774648293
1;1;1298;Diptychandra aurantiaca;4;10.31324031
1;1;1299;Luetzelburgia andrade-limae;6;12.73239545
1;1;1300;Diptychandra aurantiaca;3;6.366197724
1;1;1301;Luetzelburgia andrade-limae;4.5;8.594366927
1;1;1302;Diptychandra aurantiaca;4;12.09577567
1;2;1303;Pityrocarpa moniliformis;5;12.09577567
1;2;1304;Pityrocarpa moniliformis;5;11.61831085
1;2;1305;Pityrocarpa moniliformis;6;11.68197282
1;2;1306;Pityrocarpa moniliformis;6;12.09577567
1;2;1306;Pityrocarpa moniliformis;6;12.09577567
1;2;1307;Combretum glaucocarpum;4;5.092958179
1;2;1308;Pityrocarpa moniliformis;5;11.58647986
1;2;1308;Pityrocarpa moniliformis;5;9.549296586
1;2;1308;Pityrocarpa moniliformis;5;8.912676813
1;2;1308;Pityrocarpa moniliformis;5;7.957747155
1;2;1309;Pityrocarpa moniliformis;6;10.37690229
1;2;1310;Pityrocarpa moniliformis;6;9.45380362
1;2;1310;Pityrocarpa moniliformis;4;4.456338407
1;2;1311;Luetzelburgia bahiensis;4;4.297183463
1;2;1312;Pityrocarpa moniliformis;6;4.456338407
1;2;1313;Luetzelburgia bahiensis;4;3.183098862
1;2;1314;Pityrocarpa moniliformis;6;18.14366351
1;2;1315;morta;3;7.957747155
1;2;1316;Eugenia sp.1;3;3.183098862
1;2;1317;morta;4;4.61549335
1;2;1318;Anadenanthera colubrina;4;4.647324338
1;2;1319;Pityrocarpa moniliformis;3;6.68450761
1;2;1320;Pityrocarpa moniliformis;4;8.912676813
1;2;1321;Pityrocarpa moniliformis;6;10.37690229
1;2;1322;morta;4;4.774648293
1;2;1323;Diptychandra aurantiaca;4;5.156620156
1;2;1324;Pityrocarpa moniliformis;5;8.403380995
1;2;1325;Diptychandra aurantiaca;4.5;7.957747155
1;2;1326;Anadenanthera colubrina;4;3.183098862
1;2;1327;Diptychandra aurantiaca;4;5.729577951
1;2;1328;Diptychandra aurantiaca;4.5;6.047887837
1;2;1329;Pityrocarpa moniliformis;4.5;6.047887837
1;2;1330;Diptychandra aurantiaca;4;3.819718634
1;2;1330;Diptychandra aurantiaca;4;5.411268065
1;2;1330;Diptychandra aurantiaca;4;5.092958179
1;2;1331;Pityrocarpa moniliformis;4;9.230986699
1;2;1331;Pityrocarpa moniliformis;4;9.040000768
1;2;1332;Pityrocarpa moniliformis;3;5.092958179
1;2;1333;Pityrocarpa moniliformis;4.5;7.957747155
1;2;1334;Diptychandra aurantiaca;4.5;8.467042972
1;2;1335;Pityrocarpa moniliformis;5;13.05070533
1;2;1335;Pityrocarpa moniliformis;5;8.75352187
1;2;1336;Pityrocarpa moniliformis;3;6.047887837
1;2;1337;Pityrocarpa moniliformis;5;10.18591636
1;2;1338;Pityrocarpa moniliformis;4;8.085071109
1;2;1339;Pityrocarpa moniliformis;5;8.276057041
1;2;1339;Pityrocarpa moniliformis;5;9.485634608
1;2;1339;Pityrocarpa moniliformis;5;5.474930042
1;2;1340;Pityrocarpa moniliformis;4.5;7.639437268
1;2;1341;Pityrocarpa moniliformis;5;13.68732511
1;2;1341;Pityrocarpa moniliformis;5;7.257465405
1;2;1342;Pityrocarpa moniliformis;3;5.729577951
1;2;1343;Pityrocarpa moniliformis;6;8.912676813
1;2;1343;Pityrocarpa moniliformis;6;7.321127382
1;2;1344;Pityrocarpa moniliformis;5;8.276057041
1;2;1345;Pityrocarpa moniliformis;3;4.13802852
1;2;1346;Pityrocarpa moniliformis;4;7.002817496
1;2;1347;Pityrocarpa moniliformis;4;9.549296586
1;2;1348;Diptychandra aurantiaca;4;7.321127382
1;2;1349;Pityrocarpa moniliformis;3;4.074366543
1;2;1350;Diptychandra aurantiaca;4;6.207042781
1;2;1351;Commiphora leptophloeos;3;8.276057041
1;2;1352;Pityrocarpa moniliformis;6;12.5732405
1;2;1353;Pityrocarpa moniliformis;5;7.957747155
1;2;1354;Pityrocarpa moniliformis;6;9.230986699
1;2;1355;Pityrocarpa moniliformis;4;7.957747155
1;2;1355;Pityrocarpa moniliformis;4;7.639437268
1;2;1356;Pityrocarpa moniliformis;4;6.557183655
1;2;1357;Pityrocarpa moniliformis;5;9.867606472
1;2;1358;Pityrocarpa moniliformis;6;9.230986699
1;2;1358;Pityrocarpa moniliformis;6;11.07718404
1;2;1359;Pityrocarpa moniliformis;6;11.55464887
1;2;1360;Pityrocarpa moniliformis;5;7.639437268
1;2;1361;Pityrocarpa moniliformis;5;10.50422624
1;2;1362;Pityrocarpa moniliformis;4;9.867606472
1;2;1363;morta;4;5.092958179
1;2;1364;Pityrocarpa moniliformis;4;7.321127382
1;2;1365;Pityrocarpa moniliformis;3;5.411268065
1;2;1366;Diptychandra aurantiaca;4;8.594366927
1;2;1367;Pityrocarpa moniliformis;5;6.843662553
1;2;1368;Pityrocarpa moniliformis;5;6.939155519
1;2;1369;Pityrocarpa moniliformis;6.5;9.230986699
1;3;1370;Pityrocarpa moniliformis;4;5.729577951
1;3;1371;morta;3;6.366197724
1;3;1372;morta;3;9.549296586
1;3;1373;Diptychandra aurantiaca;4;6.366197724
1;3;1373;Diptychandra aurantiaca;4;4.297183463
1;3;1373;Diptychandra aurantiaca;4;3.183098862
1;3;1374;Pityrocarpa moniliformis;4;6.238873769
1;3;1375;Diptychandra aurantiaca;3;4.13802852
1;3;1376;morta;4;6.68450761
1;3;1377;Diptychandra aurantiaca;3;3.183098862
1;3;1378;Diptychandra aurantiaca;3;4.774648293
1;3;1378;Diptychandra aurantiaca;3;5.092958179
1;3;1379;Pityrocarpa moniliformis;5;7.957747155
1;3;1380;Diptychandra aurantiaca;3;4.13802852
1;3;1380;Diptychandra aurantiaca;3;4.456338407
1;3;1381;Diptychandra aurantiaca;4;6.047887837
1;3;1382;Diptychandra aurantiaca;4;5.092958179
1;3;1383;Commiphora leptophloeos;5;10.66338119
1;3;1384;Pityrocarpa moniliformis;6;15.15155058
1;3;1385;Pityrocarpa moniliformis;4.5;9.549296586
1;3;1386;Pityrocarpa moniliformis;5;8.085071109
1;3;1387;Pityrocarpa moniliformis;4;7.957747155
1;3;1388;Pityrocarpa moniliformis;4;5.729577951
1;3;1389;Pityrocarpa moniliformis;2;3.819718634
1;3;1390;Pityrocarpa moniliformis;4.5;9.390141642
1;3;1390;Pityrocarpa moniliformis;4.5;5.092958179
1;3;1391;Pityrocarpa moniliformis;4;9.040000768
1;3;1392;Pityrocarpa moniliformis;3;6.366197724
1;3;1393;Anadenanthera colubrina;5;9.549296586
1;3;1394;morta;4;9.549296586
1;3;1395;Diptychandra aurantiaca;4;3.660563691
1;3;1395;Diptychandra aurantiaca;4;3.278591828
1;3;1395;Diptychandra aurantiaca;4;4.456338407
1;3;1396;morta;4;3.819718634
1;3;1397;morta;4;5.729577951
1;3;1398;morta;4;3.183098862
1;3;1399;Pityrocarpa moniliformis;3;5.092958179
1;3;1400;Pityrocarpa moniliformis;4;7.639437268
1;3;1401;Pityrocarpa moniliformis;5;10.59971921
1;3;1402;Pityrocarpa moniliformis;4;7.639437268
1;3;1403;Pityrocarpa moniliformis;4;8.276057041
1;3;1404;morta;3;5.092958179
1;3;1405;Pityrocarpa moniliformis;4;8.276057041
1;3;1406;Pityrocarpa moniliformis;4;7.957747155
1;3;1407;Pityrocarpa moniliformis;3;5.411268065
1;3;1408;Pityrocarpa moniliformis;4;12.09577567
1;3;1409;Diptychandra aurantiaca;4;6.366197724
1;3;1409;Diptychandra aurantiaca;4;7.130141451
1;3;1409;Diptychandra aurantiaca;4;7.352958371
1;3;1410;Pityrocarpa moniliformis;5;14.32394488
1;3;1411;morta;3;3.183098862
1;3;1412;Diptychandra aurantiaca;4;3.183098862
1;3;1412;Diptychandra aurantiaca;4;5.252113122
1;3;1412;Diptychandra aurantiaca;4;3.819718634
1;3;1412;Diptychandra aurantiaca;4;4.13802852
1;3;1412;Diptychandra aurantiaca;4;3.819718634
1;3;1413;Anadenanthera colubrina;3;4.13802852
1;3;1414;Pityrocarpa moniliformis;5;7.257465405
1;3;1414;Pityrocarpa moniliformis;5;7.321127382
1;3;1415;Pityrocarpa moniliformis;6.5;17.95267758
1;3;1415;Pityrocarpa moniliformis;6.5;13.40084621
1;3;1415;Pityrocarpa moniliformis;6.5;14.96056465
1;3;1416;Pityrocarpa moniliformis;4.5;7.639437268
1;3;1417;Pityrocarpa moniliformis;4.5;5.665915974
1;3;1417;Pityrocarpa moniliformis;4.5;6.047887837
1;3;1418;Diptychandra aurantiaca;2;4.13802852
1;3;1419;Pityrocarpa moniliformis;4.5;8.912676813
1;3;1419;Pityrocarpa moniliformis;4.5;7.766761223
1;3;1420;Pityrocarpa moniliformis;3;6.68450761
1;3;1421;Pityrocarpa moniliformis;4.5;7.639437268
1;30;98;Combretum glaucocarpum;3;5.092958179
1;30;99;Dalbergia cearensis;6;6.207042781
1;30;100;Eugenia sp.1;4;4.456338407
1;30;101;Neocalyptrocalyx longifolium;4;8.276057041
1;30;102;Poeppigia procera;6;8.785352859
1;30;103;Zanthoxylum hamadryadicum;4;9.867606472
1;30;104;morta;3;4.13802852
1;30;105;Zanthoxylum hamadryadicum;4;5.729577951
1;30;106;Dalbergia cearensis;7;14.64225476
1;30;107;Piptadenia stipulacea;5;5.888732894
1;30;108;Dalbergia cearensis;3;12.73239545
1;30;108;Dalbergia cearensis;3;6.047887837
1;30;109;morta;4;5.920563883
1;30;110;Lachesiodendron viridiflorum;4;6.366197724
1;30;110;Lachesiodendron viridiflorum;4;5.347606088
1;30;110;Lachesiodendron viridiflorum;4;4.551831372
1;30;110;Lachesiodendron viridiflorum;4;5.729577951
1;30;111;Lachesiodendron viridiflorum;6;10.50422624
1;30;112;Dalbergia cearensis;4;10.66338119
1;30;112;Dalbergia cearensis;4;5.729577951
1;30;113;Dalbergia cearensis;4;7.002817496
1;30;114;morta;4;9.549296586
1;30;115;morta;3;6.366197724
1;30;116;Dalbergia cearensis;4;6.238873769
1;30;117;Lachesiodendron viridiflorum;4;7.002817496
1;30;118;Piptadenia stipulacea;4;5.729577951
1;30;119;Zanthoxylum hamadryadicum;4;7.60760628
1;30;120;Tabaroa caatingicola;4;5.092958179
1;30;121;Lachesiodendron viridiflorum;4;5.411268065
1;30;121;Lachesiodendron viridiflorum;4;10.50422624
1;30;122;Dalbergia cearensis;4;5.729577951
1;30;122;Dalbergia cearensis;3;5.188451145
1;30;123;Lachesiodendron viridiflorum;3;5.729577951
1;30;123;Lachesiodendron viridiflorum;3;3.501408748
1;30;123;Lachesiodendron viridiflorum;3;3.183098862
1;30;124;Zanthoxylum hamadryadicum;4;5.856901906
1;30;125;Lachesiodendron viridiflorum;4;12.12760666
1;30;125;Lachesiodendron viridiflorum;3;4.520000384
1;30;126;Guapira opposita;3;7.321127382
1;30;127;Zanthoxylum hamadryadicum;4;8.021409132
1;30;128;Dalbergia cearensis;5;6.68450761
1;30;129;Piptadenia stipulacea;4.5;6.207042781
1;30;130;morta;4;9.135493733
1;30;131;morta;5;7.703099246
1;30;132;Eugenia sp.1;4.5;6.366197724
1;30;133;Annona leptopetala;4;7.002817496
1;30;134;Lachesiodendron viridiflorum;4;7.002817496
1;30;134;Lachesiodendron viridiflorum;4;7.002817496
1;30;135;Machaerium acutifolium;5;8.594366927
1;30;136;morta;1.5;6.366197724
1;30;137;Machaerium acutifolium;4;7.034648485
1;30;138;Zanthoxylum hamadryadicum;3;6.047887837
1;30;139;morta;6;8.594366927
1;30;140;morta;4;6.366197724
1;30;141;morta;5.5;7.002817496
1;30;142;Lachesiodendron viridiflorum;4;6.270704758
1;30;143;morta;6;9.040000768
1;30;144;morta;4;5.729577951
1;30;145;Dalbergia cearensis;5;5.888732894
1;30;146;Dalbergia cearensis;4;5.952394872
1;30;147;Machaerium acutifolium;5.5;11.4591559
1;30;148;morta;3;5.156620156
1;30;149;Dalbergia cearensis;5;6.175211792
1;30;150;morta;4;5.602253997
1;30;151;Dalbergia cearensis;4;5.76140894
2;4;1422;morta;2;3.087605896
2;4;1423;Senegalia tenuifolia;4;12.73239545
2;4;1424;morta;2;3.183098862
2;4;1425;Senegalia tenuifolia;2;3.087605896
2;4;1426;Luetzelburgia andrade-limae;4;9.549296586
2;4;1427;morta;3;4.456338407
2;4;1428;Luetzelburgia andrade-limae;4;10.3450713
2;4;1429;morta;1.5;3.183098862
2;4;1430;morta;1.5;3.183098862
2;4;1431;Manihot caerulescens;2;3.819718634
2;4;1432;Luetzelburgia andrade-limae;4;4.647324338
2;4;1433;morta;4;3.183098862
2;4;1434;Manihot caerulescens;4;10.37690229
2;4;1435;Anadenanthera colubrina;3;3.660563691
2;4;1436;morta;2;3.501408748
2;4;1437;Astronium urundeuva;3;4.647324338
2;4;1438;Luetzelburgia andrade-limae;4;6.589014644
2;4;1439;Manihot caerulescens;4;3.183098862
2;4;1440;morta;2;3.501408748
2;4;1441;Manihot caerulescens;3;7.894085177
2;4;1442;morta;2;3.183098862
2;4;1443;Senegalia tenuifolia;3;5.729577951
2;4;1444;morta;3;6.366197724
2;4;1445;Manihot caerulescens;3;8.53070495
2;4;1446;morta;3;3.501408748
2;4;1447;morta;1;3.501408748
2;4;1448;Luetzelburgia andrade-limae;4;4.456338407
2;4;1449;Luetzelburgia andrade-limae;4;5.729577951
2;4;1449;Luetzelburgia andrade-limae;4;8.276057041
2;4;1449;Luetzelburgia andrade-limae;4;6.047887837
2;4;1450;Luetzelburgia bahiensis;4;3.501408748
2;4;1451;morta;3;3.819718634
2;4;1452;Luetzelburgia andrade-limae;5;11.30000096
2;4;1453;Luetzelburgia andrade-limae;4;5.729577951
2;4;1454;morta;2;3.501408748
2;4;1455;morta;3;4.456338407
2;4;1456;Diptychandra aurantiaca;4.5;8.276057041
2;4;1457;Luetzelburgia andrade-limae;4;6.366197724
2;4;1458;Senegalia tenuifolia;4.5;14.64225476
2;4;1459;Luetzelburgia andrade-limae;4.5;9.549296586
2;4;1460;Senegalia tenuifolia;5;11.4591559
2;5;1461;Senegalia tenuifolia;4.5;10.98169107
2;5;1462;Manihot caerulescens;3;4.13802852
2;5;1463;Cordia oncocalyx;4.5;9.071831756
2;5;1463;Cordia oncocalyx;4.5;8.276057041
2;5;1463;Cordia oncocalyx;4.5;6.047887837
2;5;1463;Cordia oncocalyx;4.5;6.68450761
2;5;1464;Senegalia tenuifolia;4;6.047887837
2;5;1464;Senegalia tenuifolia;4;7.639437268
2;5;1464;Senegalia tenuifolia;4;6.366197724
2;5;1465;Handroanthus selachidentatus;3;4.297183463
2;5;1466;Terminalia fagifolia;2;8.912676813
2;5;1466;Terminalia fagifolia;2;5.729577951
2;5;1467;Handroanthus selachidentatus;4;6.238873769
2;5;1468;Senna rugosa;3;4.551831372
2;5;1469;Pityrocarpa moniliformis;3;6.68450761
2;5;1469;Pityrocarpa moniliformis;3;5.092958179
2;5;1470;morta;2;3.501408748
2;5;1471;Handroanthus selachidentatus;3;3.310422816
2;5;1472;Pityrocarpa moniliformis;3;4.61549335
2;5;1472;Pityrocarpa moniliformis;3;3.819718634
2;5;1472;Pityrocarpa moniliformis;3;4.13802852
2;5;1472;Pityrocarpa moniliformis;3;4.520000384
2;5;1473;Pityrocarpa moniliformis;2;4.13802852
2;5;1474;Handroanthus selachidentatus;2.5;4.297183463
2;5;1475;Handroanthus selachidentatus;3.5;6.68450761
2;5;1476;Cenostigma bracteosum;2.5;3.501408748
2;5;1477;Handroanthus selachidentatus;2.5;3.183098862
2;5;1478;Handroanthus selachidentatus;2;3.087605896
2;5;1479;Handroanthus selachidentatus;3;3.819718634
2;5;1480;Handroanthus selachidentatus;3;4.13802852
2;5;1481;Pityrocarpa moniliformis;2;5.411268065
2;5;1482;Ziziphus joazeiro;3;6.302535746
2;5;1483;Cnidoscolus quercifolius;5;17.18873385
2;5;1484;morta;3;6.366197724
2;5;1485;Pityrocarpa moniliformis;2.5;4.13802852
2;5;1486;Handroanthus selachidentatus;2;5.729577951
2;5;1486;Handroanthus selachidentatus;2;3.501408748
2;5;1487;Handroanthus selachidentatus;2.5;3.501408748
2;5;1488;Handroanthus selachidentatus;3;5.729577951
2;5;1489;Handroanthus selachidentatus;2;3.819718634
2;5;1490;Handroanthus selachidentatus;3;3.565070725
2;5;1491;Handroanthus selachidentatus;4;5.379437077
2;5;1492;Diptychandra aurantiaca;3;3.087605896
2;5;1493;Cenostigma bracteosum;3;3.087605896
2;5;1494;Handroanthus selachidentatus;3;4.456338407
2;5;1494;Handroanthus selachidentatus;3;3.978873577
2;5;1495;Handroanthus selachidentatus;3;4.233521486
2;5;1496;Cenostigma bracteosum;3;3.183098862
2;5;1497;Handroanthus selachidentatus;3;3.660563691
2;5;1498;Handroanthus selachidentatus;4;7.034648485
2;5;1499;Eugenia sp.1;2;3.087605896
2;5;1500;Cenostigma pyramidale;3;5.411268065
2;5;1500;Cenostigma pyramidale;3;3.819718634
2;5;1500;Cenostigma pyramidale;3;4.13802852
2;5;1501;Cnidoscolus quercifolius;2;4.13802852
2;5;1502;Handroanthus selachidentatus;3;3.978873577
2;5;1503;Cordia oncocalyx;3;4.551831372
2;5;1504;Cordia oncocalyx;3;4.297183463
2;5;1505;Luetzelburgia bahiensis;4;4.456338407
2;5;1506;Handroanthus selachidentatus;4;4.456338407
2;5;1507;Cordia oncocalyx;4;6.175211792
2;5;1508;Handroanthus selachidentatus;3;3.819718634
2;5;1509;Handroanthus selachidentatus;4;4.774648293
2;5;1509;Handroanthus selachidentatus;4;4.456338407
2;5;1510;Cordia oncocalyx;2;3.183098862
2;5;1510;Cordia oncocalyx;2;3.342253805
2;5;1511;morta;3;3.183098862
2;5;1512;Cordia oncocalyx;3.5;5.888732894
2;5;1512;Cordia oncocalyx;3.5;6.366197724
2;5;1513;Cordia oncocalyx;3;3.978873577
2;5;1514;Cordia oncocalyx;2;3.183098862
2;5;1515;Cordia oncocalyx;3;3.501408748
2;5;1516;Cnidoscolus quercifolius;4;6.047887837
2;5;1516;Cnidoscolus quercifolius;4;5.411268065
2;5;1516;Cnidoscolus quercifolius;4;6.843662553
2;5;1517;Cnidoscolus quercifolius;3;7.130141451
2;5;1518;morta;3;3.819718634
2;5;1519;Jatropha mutabilis;3;3.183098862
2;5;1520;Luetzelburgia bahiensis;3;6.68450761
2;5;1520;Luetzelburgia bahiensis;3;4.456338407
2;5;1521;Cordia oncocalyx;3;7.321127382
2;5;1522;Cordia oncocalyx;2;4.13802852
2;5;1523;Pityrocarpa moniliformis;4;7.639437268
2;6;1524;Luehea ochrophylla;2;4.965634224
2;6;1525;Godmania dardanoi;4;7.384789359
2;6;1526;Pityrocarpa moniliformis;3.5;9.230986699
2;6;1527;Cenostigma bracteosum;3;3.819718634
2;6;1527;Cenostigma bracteosum;3;3.501408748
2;6;1528;Pityrocarpa moniliformis;4;7.321127382
2;6;1529;Pityrocarpa moniliformis;2;5.092958179
2;6;1530;Cenostigma bracteosum;3;4.774648293
2;6;1531;Pityrocarpa moniliformis;3;6.68450761
2;6;1532;Cnidoscolus quercifolius;5;21.8042272
2;6;1533;Pityrocarpa moniliformis;3;7.957747155
2;6;1534;morta;3;4.456338407
2;6;1535;morta;2;3.819718634
2;6;1536;morta;2;4.13802852
2;6;1537;Pityrocarpa moniliformis;2;4.901972247
2;6;1537;Pityrocarpa moniliformis;2;5.092958179
2;6;1538;Godmania dardanoi;2;5.920563883
2;6;1539;Eugenia sp.1;2;3.183098862
2;6;1540;Pityrocarpa moniliformis;4;8.148733086
2;6;1541;Anadenanthera colubrina;4;6.68450761
2;6;1542;Pityrocarpa moniliformis;4.5;11.4591559
2;6;1543;Annona leptopetala;2;3.565070725
2;6;1544;Pityrocarpa moniliformis;3;5.920563883
2;6;1544;Pityrocarpa moniliformis;3;3.819718634
2;6;1545;Godmania dardanoi;4;7.321127382
2;6;1546;Senegalia tenuifolia;3;7.957747155
2;6;1546;Senegalia tenuifolia;3;3.819718634
2;6;1546;Senegalia tenuifolia;3;4.647324338
2;6;1546;Senegalia tenuifolia;3;3.819718634
2;6;1546;Senegalia tenuifolia;3;5.443099054
2;6;1547;Cordia oncocalyx;3;4.13802852
2;6;1548;Handroanthus selachidentatus;2;3.501408748
2;6;1549;Cenostigma bracteosum;2;3.9152116
2;6;1550;morta;2;5.411268065
2;6;1551;Cordia incognita;3;4.61549335
2;6;1551;Cordia incognita;3;4.13802852
2;6;1552;Pityrocarpa moniliformis;4;6.68450761
2;6;1553;Handroanthus selachidentatus;4;6.68450761
2;6;1554;Pityrocarpa moniliformis;3;7.002817496
2;6;1555;morta;3;6.366197724
2;6;1555;morta;3;5.729577951
2;6;1555;morta;3;4.13802852
2;6;1555;morta;3;3.819718634
2;6;1556;Handroanthus selachidentatus;4.5;5.53859202
2;6;1557;Cnidoscolus quercifolius;3;5.729577951
2;6;1558;Cordia oncocalyx;3;3.819718634
2;6;1558;Cordia oncocalyx;3;5.252113122
2;6;1558;Cordia oncocalyx;3;4.456338407
2;6;1558;Cordia oncocalyx;3;4.456338407
2;6;1558;Cordia oncocalyx;3;5.092958179
2;6;1558;Cordia oncocalyx;3;5.634084985
2;6;1558;Cordia oncocalyx;3;6.047887837
2;6;1559;Handroanthus selachidentatus;4;5.411268065
2;6;1560;Handroanthus selachidentatus;3;3.183098862
2;6;1561;Pityrocarpa moniliformis;3;4.933803236
2;6;1561;Pityrocarpa moniliformis;3;5.092958179
2;6;1562;Cordia oncocalyx;3;4.456338407
2;6;1562;Cordia oncocalyx;3;3.978873577
2;6;1562;Cordia oncocalyx;3;4.360845441
2;6;1562;Cordia oncocalyx;3;4.774648293
2;6;1563;Senegalia tenuifolia;4.5;14.00563499
2;6;1563;Senegalia tenuifolia;4.5;11.4591559
2;6;1564;Godmania dardanoi;3;6.716338598
2;6;1565;Cnidoscolus quercifolius;3;4.933803236
2;6;1565;Cnidoscolus quercifolius;3;4.742817304
2;6;1566;morta;3;4.774648293
2;6;1567;Pityrocarpa moniliformis;4;5.729577951
2;6;1567;Pityrocarpa moniliformis;4;6.047887837
2;6;1568;Cnidoscolus quercifolius;3;3.819718634
2;6;1568;Cnidoscolus quercifolius;3;4.13802852
2;6;1569;Pityrocarpa moniliformis;4;5.665915974
2;6;1570;Cnidoscolus quercifolius;5;16.87042397
2;6;1570;Cnidoscolus quercifolius;5;9.45380362
2;6;1571;Pityrocarpa moniliformis;3;6.366197724
2;6;1572;Tabaroa caatingicola;3;3.183098862
2;6;1573;morta;3;4.297183463
2;7;1574;Jatropha mutabilis;2;4.13802852
2;7;1575;morta;2;4.13802852
2;7;1576;Annona leptopetala;2;4.297183463
2;7;1577;morta;4;6.68450761
2;7;1577;morta;4;5.092958179
2;7;1578;Jatropha mutabilis;2.5;4.774648293
2;7;1579;Godmania dardanoi;3;5.092958179
2;7;1579;Godmania dardanoi;3;4.61549335
2;7;1580;Diptychandra aurantiaca;2;4.774648293
2;7;1581;Pityrocarpa moniliformis;3;6.207042781
2;7;1581;Pityrocarpa moniliformis;3;6.047887837
2;7;1582;Cnidoscolus quercifolius;2;4.13802852
2;7;1583;Jatropha mutabilis;2;4.13802852
2;7;1584;Pityrocarpa moniliformis;4;5.729577951
2;7;1585;Godmania dardanoi;4;5.729577951
2;7;1585;Godmania dardanoi;4;5.315775099
2;7;1586;Annona leptopetala;3;3.087605896
2;7;1587;Jatropha mutabilis;1.5;3.819718634
2;7;1588;Pityrocarpa moniliformis;3;4.901972247
2;7;1589;Terminalia fagifolia;4;11.26816997
2;7;1589;Terminalia fagifolia;4;9.45380362
2;7;1590;Pityrocarpa moniliformis;3;3.819718634
2;7;1591;Pityrocarpa moniliformis;4;7.321127382
2;7;1592;Pityrocarpa moniliformis;4;9.549296586
2;7;1593;Pityrocarpa moniliformis;4;11.14084602
2;7;1594;Pityrocarpa moniliformis;4;6.68450761
2;7;1595;Pityrocarpa moniliformis;3;5.729577951
2;7;1596;Pityrocarpa moniliformis;3;6.047887837
2;7;1596;Pityrocarpa moniliformis;3;5.411268065
2;7;1597;Pityrocarpa moniliformis;3;3.501408748
2;7;1598;Pityrocarpa moniliformis;4;6.047887837
2;7;1599;Godmania dardanoi;3;4.13802852
2;7;1600;Pityrocarpa moniliformis;3;4.774648293
2;7;1601;Pityrocarpa moniliformis;3;6.047887837
2;7;1602;Pityrocarpa moniliformis;3;4.13802852
2;7;1603;Pityrocarpa moniliformis;3;4.774648293
2;7;1603;Pityrocarpa moniliformis;3;4.520000384
2;7;1604;Ziziphus joazeiro;2;5.092958179
2;7;1604;Ziziphus joazeiro;2;4.679155327
2;7;1604;Ziziphus joazeiro;2;4.774648293
2;7;1605;Cnidoscolus quercifolius;4.5;12.63690248
2;7;1606;morta;3;3.183098862
2;7;1607;Cenostigma bracteosum;4;7.321127382
2;7;1607;Cenostigma bracteosum;4;5.729577951
2;7;1608;Ziziphus joazeiro;4;6.047887837
2;7;1608;Ziziphus joazeiro;4;6.68450761
2;7;1608;Ziziphus joazeiro;4;6.366197724
2;7;1609;Pityrocarpa moniliformis;3;5.729577951
2;7;1610;Pityrocarpa moniliformis;4;7.639437268
2;7;1611;morta;4;3.501408748
2;7;1612;morta;3;5.092958179
2;7;1613;morta;2;3.087605896
2;7;1614;Pityrocarpa moniliformis;4;7.957747155
2;7;1614;Pityrocarpa moniliformis;4;7.798592212
2;7;1615;Pityrocarpa moniliformis;3;6.68450761
2;7;1615;Pityrocarpa moniliformis;3;7.161972439
2;7;1616;Godmania dardanoi;3;4.297183463
2;7;1617;morta;2;3.183098862
2;7;1618;Ziziphus joazeiro;3;7.639437268
2;7;1618;Ziziphus joazeiro;3;7.130141451
2;7;1618;Ziziphus joazeiro;3;6.68450761
2;7;1618;Ziziphus joazeiro;3;6.366197724
2;7;1619;Godmania dardanoi;4;8.085071109
2;7;1620;Pityrocarpa moniliformis;4;5.729577951
2;7;1621;Pityrocarpa moniliformis;4;5.729577951
2;7;1622;Pityrocarpa moniliformis;3;6.68450761
2;7;1623;Jatropha mutabilis;2;3.501408748
2;7;1624;Jatropha mutabilis;2;5.092958179
2;7;1625;Pityrocarpa moniliformis;4;8.912676813
2;7;1625;Pityrocarpa moniliformis;4;7.957747155
2;7;1626;Pityrocarpa moniliformis;4;8.912676813
2;7;1627;Pityrocarpa moniliformis;3;6.238873769
2;7;1628;Luehea ochrophylla;3;5.729577951
2;7;1628;Luehea ochrophylla;3;5.411268065
2;7;1629;Pityrocarpa moniliformis;4;6.366197724
2;7;1630;Pityrocarpa moniliformis;4;7.957747155
2;7;1631;Eugenia sp.1;2;4.774648293
2;7;1632;Pityrocarpa moniliformis;4;9.45380362
2;7;1632;Pityrocarpa moniliformis;4;8.276057041
2;7;1633;morta;2;4.13802852
2;7;1634;Pityrocarpa moniliformis;4;11.4591559
2;7;1634;Pityrocarpa moniliformis;4;6.68450761
2;7;1635;Pityrocarpa moniliformis;2;3.819718634
2;7;1636;Luetzelburgia bahiensis;3;5.729577951
2;7;1637;Jatropha mutabilis;2;5.092958179
2;7;1638;Godmania dardanoi;2;4.774648293
2;7;1639;Jatropha mutabilis;2;3.819718634
2;7;1640;Pityrocarpa moniliformis;4;7.957747155
2;8;1641;Cenostigma bracteosum;3;5.092958179
2;8;1642;Pityrocarpa moniliformis;3;5.729577951
2;8;1643;morta;3;4.933803236
2;8;1643;morta;3;4.933803236
2;8;1644;Pityrocarpa moniliformis;2;3.819718634
2;8;1645;Eugenia sp.1;4;3.69239468
2;8;1646;Pityrocarpa moniliformis;4;9.390141642
2;8;1647;Pityrocarpa moniliformis;3;5.252113122
2;8;1648;Ziziphus joazeiro;3.5;4.774648293
2;8;1649;Pityrocarpa moniliformis;4.5;5.729577951
2;8;1650;Pityrocarpa moniliformis;4;7.957747155
2;8;1651;Pityrocarpa moniliformis;2.5;4.13802852
2;8;1652;Pityrocarpa moniliformis;2;3.501408748
2;8;1653;morta;4;5.729577951
2;8;1654;Handroanthus selachidentatus;2;3.787887646
2;8;1655;Pityrocarpa moniliformis;2.5;4.456338407
2;8;1656;Pityrocarpa moniliformis;4;6.047887837
2;8;1657;Pityrocarpa moniliformis;4;6.68450761
2;8;1658;Pityrocarpa moniliformis;4.5;7.957747155
2;8;1659;Pityrocarpa moniliformis;4;4.774648293
2;8;1660;Jatropha mutabilis;1;3.947042589
2;8;1661;Pityrocarpa moniliformis;4;3.501408748
2;8;1661;Pityrocarpa moniliformis;4;3.342253805
2;8;1662;Godmania dardanoi;3;5.729577951
2;8;1663;Jatropha mutabilis;2;4.456338407
2;8;1664;Pityrocarpa moniliformis;4;6.047887837
2;8;1665;Annona leptopetala;2;3.819718634
2;8;1666;Handroanthus selachidentatus;2.5;4.13802852
2;8;1667;Pityrocarpa moniliformis;3.5;7.321127382
2;8;1668;Godmania dardanoi;2;3.819718634
2;8;1669;Cenostigma bracteosum;3;3.819718634
2;8;1670;Pityrocarpa moniliformis;4;7.957747155
2;8;1671;Pityrocarpa moniliformis;4;6.047887837
2;8;1672;Pityrocarpa moniliformis;4;9.549296586
2;8;1673;Pityrocarpa moniliformis;3;4.774648293
2;8;1674;Pityrocarpa moniliformis;4;8.912676813
2;8;1675;morta;3;3.819718634
2;8;1676;Terminalia fagifolia;3;7.480282325
2;8;1676;Terminalia fagifolia;3;7.002817496
2;8;1677;Terminalia fagifolia;3;3.819718634
2;8;1677;Terminalia fagifolia;3;4.13802852
2;8;1678;Pityrocarpa moniliformis;4;7.480282325
2;8;1678;Pityrocarpa moniliformis;4;7.957747155
2;8;1678;Pityrocarpa moniliformis;4;7.639437268
2;8;1678;Pityrocarpa moniliformis;4;8.912676813
2;8;1679;Eugenia sp.1;3.5;3.087605896
2;8;1680;Cenostigma bracteosum;4;3.660563691
2;8;1680;Cenostigma bracteosum;4;3.087605896
2;8;1681;morta;3;3.819718634
2;8;1682;Pityrocarpa moniliformis;3;6.334366735
2;8;1682;Pityrocarpa moniliformis;3;5.092958179
2;8;1683;Pityrocarpa moniliformis;4;11.58647986
2;8;1684;Anadenanthera colubrina;3.5;5.98422586
2;8;1685;Eugenia sp.1;2;3.183098862
2;8;1686;Pityrocarpa moniliformis;3;4.774648293
2;8;1687;Cnidoscolus quercifolius;3;8.658028904
2;8;1688;Pityrocarpa moniliformis;4;11.30000096
2;13;307;Eugenia sp.1;4;4.520000384
2;13;308;Lachesiodendron viridiflorum;3;5.092958179
2;13;309;Lachesiodendron viridiflorum;2;3.565070725
2;13;310;Handroanthus selachidentatus;4;5.888732894
2;13;310;Handroanthus selachidentatus;4;3.501408748
2;13;311;Acosmium diffusissimum;3.5;4.870141259
2;13;312;Acosmium diffusissimum;4;6.238873769
2;13;313;Peltogyne confertiflora;3.5;4.742817304
2;13;313;Peltogyne confertiflora;3.5;4.679155327
2;13;314;Pityrocarpa moniliformis;6;18.78028328
2;13;315;Eugenia sp.1;3;4.13802852
2;13;316;Lachesiodendron viridiflorum;3;3.978873577
2;13;317;Lachesiodendron viridiflorum;4;7.957747155
2;13;318;Zanthoxylum hamadryadicum;3;5.856901906
2;13;319;Lachesiodendron viridiflorum;3;5.729577951
2;13;319;Lachesiodendron viridiflorum;3;5.092958179
2;13;320;Eugenia sp.1;2;3.947042589
2;13;321;Handroanthus selachidentatus;3;6.366197724
2;13;322;Handroanthus selachidentatus;3.5;4.201690498
2;13;323;Dalbergia cearensis;2.5;4.679155327
2;13;324;Peltogyne confertiflora;3;3.501408748
2;13;325;Lachesiodendron viridiflorum;2;5.156620156
2;13;326;morta;3;7.321127382
2;13;327;Pityrocarpa moniliformis;4;5.856901906
2;13;328;Lachesiodendron viridiflorum;4;4.456338407
2;13;329;Pityrocarpa moniliformis;5;14.32394488
2;13;330;Lachesiodendron viridiflorum;3;4.456338407
2;13;330;Lachesiodendron viridiflorum;3;4.774648293
2;13;331;Pityrocarpa moniliformis;6;17.18873385
2;13;332;Luetzelburgia bahiensis;4;5.092958179
2;13;333;Pityrocarpa moniliformis;4;5.856901906
2;13;334;Luetzelburgia bahiensis;3;4.774648293
2;13;335;Lachesiodendron viridiflorum;3.5;4.456338407
2;13;336;Lachesiodendron viridiflorum;4;7.512113314
2;13;337;Pityrocarpa moniliformis;4;9.071831756
2;13;338;Lachesiodendron viridiflorum;3;4.933803236
2;13;339;Pityrocarpa moniliformis;5;5.411268065
2;13;340;Lachesiodendron viridiflorum;3;5.029296202
2;13;340;Lachesiodendron viridiflorum;3;4.679155327
2;13;340;Lachesiodendron viridiflorum;3;4.424507418
2;13;341;Pityrocarpa moniliformis;5;10.56788822
2;13;342;Pityrocarpa moniliformis;6;9.549296586
2;13;343;Psidium rufum;4;5.856901906
2;13;344;Eugenia sp.1;3;4.488169395
2;13;345;Lachesiodendron viridiflorum;3;4.297183463
2;13;346;Lachesiodendron viridiflorum;3;3.947042589
2;13;347;Handroanthus selachidentatus;4;5.156620156
2;13;348;Peltogyne confertiflora;4;7.384789359
2;13;349;Eugenia sp.1;4;4.551831372
2;13;350;Neocalyptrocalyx longifolium;4;5.092958179
2;13;350;Neocalyptrocalyx longifolium;4;5.506761031
2;13;351;Piptadenia stipulacea;4;7.734930234
2;13;352;Lachesiodendron viridiflorum;3;5.729577951
2;13;352;Lachesiodendron viridiflorum;3;4.13802852
2;13;352;Lachesiodendron viridiflorum;3;4.83831027
2;13;352;Lachesiodendron viridiflorum;3;3.819718634
2;13;353;Acosmium diffusissimum;5;8.403380995
2;13;354;Acosmium diffusissimum;4;4.456338407
2;13;355;Piptadenia stipulacea;4;5.156620156
2;13;356;Pityrocarpa moniliformis;4;5.156620156
2;13;357;Dalbergia cearensis;5;9.230986699
2;13;357;Dalbergia cearensis;5;7.8304232
2;13;357;Dalbergia cearensis;5;8.912676813
2;13;357;Dalbergia cearensis;5;9.67662054
2;13;358;Dalbergia cearensis;4;7.639437268
2;13;359;Eugenia sp.1;3;4.13802852
2;13;360;Eugenia sp.1;4;6.016056849
2;13;361;Lachesiodendron viridiflorum;3.5;4.360845441
2;13;362;Eugenia sp.1;4;5.156620156
2;13;363;Zanthoxylum hamadryadicum;4;7.894085177
2;13;364;Piptadenia stipulacea;4;4.13802852
2;13;365;Manihot caerulescens;4;4.774648293
2;13;366;Luetzelburgia bahiensis;4;9.549296586
2;13;366;Luetzelburgia bahiensis;4;14.32394488
2;13;366;Luetzelburgia bahiensis;4;7.639437268
2;13;366;Luetzelburgia bahiensis;4;8.276057041
2;13;367;Eugenia sp.1;3;5.729577951
2;13;368;Eugenia sp.1;3;4.13802852
2;13;369;Dalbergia cearensis;3;4.13802852
2;13;370;Eugenia sp.1;2;3.819718634
2;13;371;Piptadenia stipulacea;4;4.13802852
2;13;372;Pityrocarpa moniliformis;4;9.421972631
2;13;373;Pityrocarpa moniliformis;4;6.366197724
2;13;374;Pityrocarpa moniliformis;4;9.549296586
2;13;375;Pityrocarpa moniliformis;5;10.79070514
2;13;375;Pityrocarpa moniliformis;5;7.957747155
2;13;376;Pityrocarpa moniliformis;3;6.366197724
2;13;377;Zanthoxylum hamadryadicum;3;3.851549623
2;13;378;Jatropha mollissima;3;3.819718634
2;13;379;morta;4;5.729577951
2;13;380;Senegalia tenuifolia;3;5.092958179
2;13;380;Senegalia tenuifolia;3;4.774648293
2;13;381;Pityrocarpa moniliformis;4;9.230986699
2;13;382;Dalbergia cearensis;3;5.729577951
2;14;383;Eugenia sp.1;3;4.13802852
2;14;384;Lachesiodendron viridiflorum;3;5.729577951
2;14;385;Lachesiodendron viridiflorum;4;5.092958179
2;14;385;Lachesiodendron viridiflorum;4;3.819718634
2;14;386;Aspidosperma pyrifolium;4;7.384789359
2;14;386;Aspidosperma pyrifolium;3;3.9152116
2;14;387;Croton nepetifolius;3;5.092958179
2;14;387;Croton nepetifolius;3;4.965634224
2;14;388;Piptadenia stipulacea;4;5.793239929
2;14;389;Piptadenia stipulacea;4;4.13802852
2;14;390;Piptadenia stipulacea;4;5.888732894
2;14;391;Piptadenia stipulacea;3;4.488169395
2;14;392;Zanthoxylum hamadryadicum;3;4.806479281
2;14;393;Zanthoxylum hamadryadicum;3;5.570423008
2;14;394;Piptadenia stipulacea;3.5;5.729577951
2;14;395;Machaerium floridum;1;3.183098862
2;14;395;Machaerium floridum;1;3.501408748
2;14;396;Croton nepetifolius;3;5.729577951
2;14;397;Croton nepetifolius;3;3.565070725
2;14;398;Croton nepetifolius;3;3.246760839
2;14;399;Acosmium diffusissimum;2;4.13802852
2;14;400;Schinopsis brasiliensis;3;11.04535305
2;14;401;Magonia pubescens;4;7.925916166
2;14;401;Magonia pubescens;4;5.092958179
2;14;402;Lachesiodendron viridiflorum;4;9.708451529
2;14;403;Acosmium diffusissimum;3;5.029296202
2;14;404;Magonia pubescens;5.5;12.92338138
2;14;404;Magonia pubescens;3;8.689859893
2;14;405;Acosmium diffusissimum;4;6.429859701
2;14;406;Manihot caerulescens;4.5;3.9152116
2;14;407;morta;6;14.32394488
2;14;408;Zanthoxylum hamadryadicum;2.5;5.092958179
2;14;409;Zanthoxylum hamadryadicum;3;5.920563883
2;14;410;Zanthoxylum hamadryadicum;3;5.793239929
2;14;411;Croton nepetifolius;3;5.092958179
2;14;412;Schinopsis brasiliensis;5;17.82535363
2;14;413;Schinopsis brasiliensis;5;16.55211408
2;14;414;Lachesiodendron viridiflorum;3;6.68450761
2;14;415;Lachesiodendron viridiflorum;3;3.501408748
2;14;415;Lachesiodendron viridiflorum;3;3.883380611
2;14;416;Schinopsis brasiliensis;3;7.8304232
2;14;417;Croton nepetifolius;2;4.774648293
2;14;418;Magonia pubescens;4;7.639437268
2;14;419;Piptadenia stipulacea;4;5.729577951
2;14;420;Magonia pubescens;4.5;5.570423008
2;14;421;Lachesiodendron viridiflorum;4;7.639437268
2;14;421;Lachesiodendron viridiflorum;4;7.161972439
2;14;421;Lachesiodendron viridiflorum;4;6.939155519
2;14;421;Lachesiodendron viridiflorum;4;6.366197724
2;14;422;Magonia pubescens;4;8.276057041
2;14;423;morta;3;4.774648293
2;14;424;Magonia pubescens;4;5.729577951
2;14;425;Magonia pubescens;4;9.103662745
2;14;426;Pityrocarpa moniliformis;4;7.957747155
2;14;427;Acosmium diffusissimum;3;4.774648293
2;14;428;Acosmium diffusissimum;3;5.729577951
2;14;429;Eugenia sp.1;4;5.092958179
2;14;430;Lachesiodendron viridiflorum;4;9.549296586
2;14;431;morta;3;7.703099246
2;14;432;Neocalyptrocalyx longifolium;2;11.77746579
2;14;433;Schinopsis brasiliensis;4;10.50422624
2;14;434;morta;4;11.4591559
2;14;435;Neocalyptrocalyx longifolium;2;4.456338407
2;14;436;Acosmium diffusissimum;3;5.729577951
2;14;437;Lachesiodendron viridiflorum;3;5.156620156
2;14;437;Lachesiodendron viridiflorum;3;7.002817496
2;14;437;Lachesiodendron viridiflorum;3;6.366197724
2;14;437;Lachesiodendron viridiflorum;3;5.092958179
2;14;438;morta;5;20.37183272
2;14;439;Lachesiodendron viridiflorum;3;7.639437268
2;14;439;Lachesiodendron viridiflorum;3;7.002817496
2;14;439;Lachesiodendron viridiflorum;3;5.092958179
2;14;439;Lachesiodendron viridiflorum;3;4.774648293
2;14;440;Lachesiodendron viridiflorum;4;5.570423008
2;14;440;Lachesiodendron viridiflorum;4;5.092958179
2;14;440;Lachesiodendron viridiflorum;4;6.68450761
2;14;441;Magonia pubescens;5;17.44338176
2;14;442;Handroanthus selachidentatus;4;9.867606472
2;14;443;Handroanthus selachidentatus;4;8.307888029
2;14;443;Handroanthus selachidentatus;4;8.594366927
2;14;444;Lachesiodendron viridiflorum;3;3.819718634
2;14;445;Acosmium diffusissimum;4;9.390141642
2;14;446;Lachesiodendron viridiflorum;3;3.819718634
2;14;447;morta;3;4.774648293
2;14;448;morta;3;6.366197724
2;14;449;Acosmium diffusissimum;2;4.774648293
2;14;450;Magonia pubescens;4;7.002817496
2;14;450;Magonia pubescens;2;4.010704566
2;14;450;Magonia pubescens;2;4.901972247
2;14;451;Eugenia sp.1;3;4.456338407
2;14;451;Eugenia sp.1;3;4.774648293
2;14;452;morta;4;7.639437268
2;14;453;Lachesiodendron viridiflorum;4;7.957747155
2;14;453;Lachesiodendron viridiflorum;4;3.819718634
2;14;454;Piptadenia stipulacea;4;5.729577951
2;14;455;Magonia pubescens;5;8.276057041
2;14;455;Magonia pubescens;5;7.639437268
2;14;455;Magonia pubescens;5;6.68450761
2;14;456;Acosmium diffusissimum;3;4.456338407
2;14;456;Acosmium diffusissimum;3;3.819718634
2;14;457;morta;3;4.456338407
2;14;458;Machaerium acutifolium;3;3.819718634
2;14;459;Magonia pubescens;4;8.912676813
2;14;460;Tabaroa caatingicola;4;5.825070917
2;14;461;Lachesiodendron viridiflorum;4;7.321127382
2;14;462;Guapira opposita;4.5;10.18591636
2;14;463;Magonia pubescens;4;6.366197724
2;21;571;Mimosa gemmulata;3;5.092958179
2;21;571;Mimosa gemmulata;3;4.901972247
2;21;571;Mimosa gemmulata;3;5.411268065
2;21;572;morta;4;11.14084602
2;21;573;morta;2;3.819718634
2;21;574;Mimosa gemmulata;4;5.729577951
2;21;575;Mimosa gemmulata;3;4.456338407
2;21;575;Mimosa gemmulata;3;3.851549623
2;21;575;Mimosa gemmulata;3;3.183098862
2;21;576;Mimosa gemmulata;4;6.68450761
2;21;576;Mimosa gemmulata;4;3.819718634
2;21;577;morta;4;10.82253613
2;21;578;Mimosa gemmulata;4;7.957747155
2;21;578;Mimosa gemmulata;4;7.671268257
2;21;578;Mimosa gemmulata;4;7.321127382
2;21;579;morta;4;14.32394488
2;21;580;Lachesiodendron viridiflorum;4;7.448451337
2;21;581;Manihot caerulescens;5;11.77746579
2;21;582;Mimosa gemmulata;3;7.002817496
2;21;582;Mimosa gemmulata;3;4.13802852
2;21;582;Mimosa gemmulata;3;3.819718634
2;21;583;Piptadenia stipulacea;4;3.819718634
2;21;584;Mimosa gemmulata;3;4.13802852
2;21;585;Mimosa gemmulata;4;4.456338407
2;21;586;Mimosa gemmulata;3;5.411268065
2;21;587;Piptadenia stipulacea;3;6.68450761
2;21;588;Piptadenia stipulacea;4;5.729577951
2;21;589;Byrsonima gardneriana;4;7.321127382
2;21;589;Byrsonima gardneriana;4;7.098310462
2;21;589;Byrsonima gardneriana;4;7.639437268
2;21;589;Byrsonima gardneriana;4;4.456338407
2;21;590;Eugenia pistaciifolia;3;4.456338407
2;21;591;Eugenia pistaciifolia;3;4.13802852
2;21;591;Eugenia pistaciifolia;3;5.092958179
2;21;591;Eugenia pistaciifolia;3;5.411268065
2;21;591;Eugenia pistaciifolia;3;3.183098862
2;21;591;Eugenia pistaciifolia;3;3.087605896
2;21;592;Eremanthus incanus;5;16.2338042
2;21;593;morta;3;4.13802852
2;21;594;Eugenia pistaciifolia;2.5;7.321127382
2;21;595;Mimosa gemmulata;3;7.639437268
2;21;595;Mimosa gemmulata;3;7.989578143
2;21;595;Mimosa gemmulata;3;4.774648293
2;21;595;Mimosa gemmulata;3;5.156620156
2;21;596;Piptadenia stipulacea;4.5;8.403380995
2;21;597;Mimosa gemmulata;2;5.888732894
2;21;597;Mimosa gemmulata;2;6.047887837
2;21;598;morta;3;9.549296586
2;21;599;Piptadenia stipulacea;3;8.403380995
2;21;599;Piptadenia stipulacea;3;5.092958179
2;21;599;Piptadenia stipulacea;3;7.448451337
2;21;599;Piptadenia stipulacea;3;3.9152116
2;21;599;Piptadenia stipulacea;3;3.501408748
2;21;600;Mimosa gemmulata;4;8.53070495
2;22;651;Mimosa gemmulata;2;3.087605896
2;22;652;Eugenia pistaciifolia;1.5;5.156620156
2;22;653;Eugenia pistaciifolia;3;4.647324338
2;22;653;Eugenia pistaciifolia;3;4.774648293
2;22;654;Eugenia pistaciifolia;3;5.76140894
2;22;654;Eugenia pistaciifolia;3;5.506761031
2;22;655;morta;3;6.238873769
2;22;656;Mimosa gemmulata;3;5.888732894
2;22;657;Croton nepetifolius;3;3.947042589
2;22;658;Eugenia pistaciifolia;3.5;4.61549335
2;22;658;Eugenia pistaciifolia;3.5;5.092958179
2;22;658;Eugenia pistaciifolia;3.5;5.092958179
2;22;659;morta;2;5.092958179
2;22;660;Eugenia pistaciifolia;4;4.965634224
2;22;660;Eugenia pistaciifolia;4;5.411268065
2;22;660;Eugenia pistaciifolia;4;3.9152116
2;22;660;Eugenia pistaciifolia;4;4.774648293
2;22;661;Hyptidendron amethystoides;2;3.183098862
2;22;662;Myrcia sp.1;2;3.501408748
2;22;663;morta;5;17.82535363
2;22;664;Mimosa gemmulata;4;11.17267701
2;22;665;Mimosa gemmulata;3;6.302535746
2;22;666;Piptadenia stipulacea;4;5.156620156
2;22;667;Mimosa gemmulata;4;4.61549335
2;22;668;Mimosa gemmulata;3;6.68450761
2;22;669;Mimosa gemmulata;4;5.602253997
2;22;669;Mimosa gemmulata;4;4.201690498
2;22;669;Mimosa gemmulata;4;4.710986316
2;22;669;Mimosa gemmulata;4;3.183098862
2;22;670;Mimosa gemmulata;3;5.124789168
2;22;671;Hymenaea courbaril;4;9.803944494
2;22;671;Hymenaea courbaril;4;9.103662745
2;22;671;Hymenaea courbaril;4;7.002817496
2;22;672;Simarouba amara;3;5.729577951
2;22;673;morta;3;6.366197724
2;22;674;Piptadenia stipulacea;3;4.13802852
2;22;675;Hymenaea courbaril;4.5;7.957747155
2;22;676;Hymenaea courbaril;5;7.002817496
2;22;677;Simarouba amara;3;4.456338407
2;22;678;Hymenaea courbaril;5;7.957747155
2;22;678;Hymenaea courbaril;5;7.639437268
2;22;678;Hymenaea courbaril;5;5.729577951
2;22;679;Mimosa gemmulata;3;4.13802852
2;22;679;Mimosa gemmulata;3;3.087605896
2;22;679;Mimosa gemmulata;3;3.501408748
2;22;680;Hymenaea courbaril;4;7.639437268
2;22;681;Mimosa gemmulata;3;3.819718634
2;22;682;Simarouba amara;2;5.729577951
2;22;683;Hymenaea courbaril;4.5;10.18591636
2;22;683;Hymenaea courbaril;4.5;11.80929678
2;22;683;Hymenaea courbaril;4.5;8.912676813
2;22;683;Hymenaea courbaril;4.5;7.161972439
2;22;683;Hymenaea courbaril;4.5;8.276057041
2;22;683;Hymenaea courbaril;4.5;6.366197724
2;22;684;Eugenia pistaciifolia;2;4.13802852
2;22;684;Eugenia pistaciifolia;2;3.978873577
2;22;684;Eugenia pistaciifolia;2;4.456338407
2;22;685;Eugenia pistaciifolia;3;4.13802852
2;22;686;Hymenaea courbaril;3;4.583662361
2;22;687;Eugenia pistaciifolia;3;6.366197724
2;22;687;Eugenia pistaciifolia;3;4.13802852
2;22;687;Eugenia pistaciifolia;3;4.13802852
2;22;688;Mimosa gemmulata;3;6.207042781
2;22;688;Mimosa gemmulata;3;5.092958179
2;22;689;Piptadenia stipulacea;4;3.087605896
2;22;689;Piptadenia stipulacea;4;6.207042781
2;22;689;Piptadenia stipulacea;4;4.456338407
2;22;690;Hymenaea courbaril;5;10.31324031
2;22;690;Hymenaea courbaril;5;7.002817496
2;22;691;Mimosa gemmulata;4;6.047887837
2;22;691;Mimosa gemmulata;4;5.729577951
2;22;692;Hymenaea courbaril;4;7.002817496
2;22;693;Mimosa gemmulata;3;4.583662361
2;22;693;Mimosa gemmulata;3;4.010704566
2;22;694;Mimosa gemmulata;3;3.087605896
2;22;694;Mimosa gemmulata;3;6.366197724
2;22;695;morta;4;14.32394488
2;22;696;Mimosa gemmulata;3;4.61549335
2;22;696;Mimosa gemmulata;3;4.61549335
2;25;1098;Annona leptopetala;2.5;3.819718634
2;25;1099;Tabaroa caatingicola;2;3.087605896
2;25;1100;Mimosa gemmulata;3;3.660563691
2;25;1101;Mimosa gemmulata;2;3.819718634
2;25;1102;Pavonia erythrolema;2;3.947042589
2;25;1103;morta;2.5;3.596901714
2;25;1104;Mimosa gemmulata;4.5;9.549296586
2;25;1104;Mimosa gemmulata;4.5;7.798592212
2;25;1104;Mimosa gemmulata;4.5;3.9152116
2;25;1104;Mimosa gemmulata;4.5;5.220282133
2;25;1104;Mimosa gemmulata;4.5;6.366197724
2;25;1105;Oxandra sessiliflora;2;3.501408748
2;25;1106;Mimosa gemmulata;3;4.13802852
2;25;1106;Mimosa gemmulata;3;3.978873577
2;25;1106;Mimosa gemmulata;3;3.501408748
2;25;1107;Dalbergia miscolobium;2.5;4.520000384
2;25;1108;Mimosa gemmulata;2.5;3.660563691
2;25;1109;Erythroxylum sp.1;1.5;3.087605896
2;25;1109;Erythroxylum sp.1;1.5;3.183098862
2;25;1110;Acosmium diffusissimum;3;6.366197724
2;25;1111;Annona leptopetala;2;3.087605896
2;25;1112;Strychnos brasiliensis;1;3.342253805
2;25;1113;morta;1.5;3.183098862
2;25;1114;morta;2;3.501408748
2;25;1115;Mimosa gemmulata;3;5.729577951
2;25;1116;Annona leptopetala;2.5;5.092958179
2;25;1116;Annona leptopetala;2.5;4.520000384
2;25;1117;Lachesiodendron viridiflorum;2.5;5.53859202
2;25;1118;Lachesiodendron viridiflorum;3;6.207042781
2;25;1119;Lachesiodendron viridiflorum;2.5;3.183098862
2;25;1120;morta;1;3.819718634
2;25;1121;Mimosa gemmulata;2.5;3.819718634
2;25;1122;Annona leptopetala;3;3.342253805
2;25;1123;Mimosa gemmulata;2.5;11.4591559
2;25;1123;Mimosa gemmulata;2.5;3.501408748
2;25;1124;morta;2;3.087605896
2;25;1125;morta;2;3.183098862
2;25;1125;morta;3;5.729577951
2;25;1125;morta;3;4.010704566
2;25;1127;Annona leptopetala;3;3.183098862
2;25;1128;Mimosa gemmulata;2;5.092958179
2;25;1129;morta;2;3.183098862
2;27;1176;Manihot caerulescens;2;3.183098862
2;27;1177;Annona leptopetala;2;3.087605896
2;27;1178;Psidium brownianum;1.5;3.183098862
2;27;1178;Psidium brownianum;1.5;3.087605896
2;27;1178;Psidium brownianum;1.5;3.087605896
2;27;1179;Pavonia erythrolema;2;4.456338407
2;27;1180;Dalbergia miscolobium;2;3.501408748
2;27;1180;Dalbergia miscolobium;2;3.183098862
2;27;1181;Pavonia erythrolema;2;3.342253805
2;27;1182;morta;2;4.774648293
2;27;1183;Pseudopiptadenia brenanii;3;7.034648485
2;27;1183;Pseudopiptadenia brenanii;3;5.092958179
2;27;1183;Pseudopiptadenia brenanii;3;5.920563883
2;27;1183;Pseudopiptadenia brenanii;3;5.856901906
2;27;1183;Pseudopiptadenia brenanii;3;6.366197724
2;27;1183;Pseudopiptadenia brenanii;3;5.570423008
2;27;1183;Pseudopiptadenia brenanii;3;5.092958179
2;27;1183;Pseudopiptadenia brenanii;3;6.175211792
2;27;1184;Erythroxylum betulaceum;2;3.183098862
2;27;1185;Piptadenia stipulacea;3;3.819718634
2;27;1186;Lachesiodendron viridiflorum;2;4.13802852
2;27;1187;Pavonia erythrolema;2;3.501408748
2;27;1188;Manihot caerulescens;2;3.183098862
2;27;1189;Tabaroa caatingicola;2;3.183098862
2;27;1190;Strychnos brasiliensis;2;3.978873577
2;27;1190;Strychnos brasiliensis;2;3.183098862
2;27;1190;Strychnos brasiliensis;2;3.087605896
2;27;1190;Strychnos brasiliensis;2;3.596901714
2;27;1191;Eugenia sp.1;4;7.639437268
2;27;1191;Eugenia sp.1;4;7.639437268
2;27;1192;Strychnos brasiliensis;2;4.456338407
2;27;1193;Lachesiodendron viridiflorum;3;5.092958179
2;27;1194;Dalbergia miscolobium;4;5.092958179
2;27;1195;Strychnos brasiliensis;3;5.252113122
2;27;1195;Strychnos brasiliensis;3;4.456338407
2;27;1195;Strychnos brasiliensis;3;3.819718634
2;27;1195;Strychnos brasiliensis;3;3.501408748
2;27;1196;Strychnos brasiliensis;3;3.183098862
2;27;1197;Pavonia erythrolema;3;3.819718634
2;27;1198;morta;2;3.183098862
2;27;1199;Solanum rhytidoandrum;2;3.501408748
2;27;1200;Lachesiodendron viridiflorum;4;7.321127382
2;27;1200;Lachesiodendron viridiflorum;4;3.819718634
2;27;1200;Lachesiodendron viridiflorum;4;3.374084794
2;27;1200;Lachesiodendron viridiflorum;4;4.456338407
2;29;1;Dalbergia cearensis;3.5;6.68450761
2;29;2;morta;2.5;7.002817496
2;29;3;Erythroxylum laetevirens;3;5.092958179
2;29;4;Erythroxylum laetevirens;3;5.092958179
2;29;4;Erythroxylum laetevirens;3;4.13802852
2;29;5;morta;3;6.366197724
2;29;6;Lachesiodendron viridiflorum;4;5.729577951
2;29;6;Lachesiodendron viridiflorum;4;4.774648293
2;29;7;Dalbergia cearensis;3;5.092958179
2;29;8;Lachesiodendron viridiflorum;3;3.501408748
2;29;9;Erythroxylum laetevirens;3;5.092958179
2;29;9;Erythroxylum laetevirens;3;4.456338407
2;29;9;Erythroxylum laetevirens;3;3.819718634
2;29;10;Lachesiodendron viridiflorum;3;3.978873577
2;29;11;Lachesiodendron viridiflorum;3;6.047887837
2;29;12;Lachesiodendron viridiflorum;4.5;8.912676813
2;29;12;Lachesiodendron viridiflorum;4.5;8.276057041
2;29;12;Lachesiodendron viridiflorum;4.5;6.366197724
2;29;13;Dalbergia cearensis;4;8.75352187
2;29;14;Neocalyptrocalyx longifolium;3;6.047887837
2;29;15;Lachesiodendron viridiflorum;3;5.092958179
2;29;16;Erythroxylum laetevirens;4;5.092958179
2;29;16;Erythroxylum laetevirens;4;4.774648293
2;29;16;Erythroxylum laetevirens;4;4.297183463
2;29;16;Erythroxylum laetevirens;4;4.297183463
2;29;17;Lachesiodendron viridiflorum;3;3.660563691
2;29;18;Spondias tuberosa;3;6.366197724
2;29;19;Dalbergia cearensis;5;7.957747155
2;29;20;Lachesiodendron viridiflorum;3;3.501408748
2;29;21;Erythroxylum laetevirens;3;7.957747155
2;29;22;Dalbergia cearensis;3.5;6.047887837
2;29;23;Balfourodendron molle;5;6.68450761
2;29;24;Lachesiodendron viridiflorum;3;6.525352667
2;29;24;Lachesiodendron viridiflorum;3;6.525352667
2;29;25;Lachesiodendron viridiflorum;4;3.501408748
2;29;26;Erythroxylum laetevirens;3;7.480282325
2;29;26;Erythroxylum laetevirens;3;6.047887837
2;29;27;Lachesiodendron viridiflorum;4;5.252113122
2;29;28;Machaerium acutifolium;3;6.68450761
2;29;29;Dalbergia cearensis;4;3.819718634
2;29;30;Dalbergia cearensis;4;10.18591636
2;29;30;Dalbergia cearensis;4;6.525352667
2;29;31;Apuleia leiocarpa;6;9.612958563
2;29;32;morta;3;5.729577951
2;29;33;Lachesiodendron viridiflorum;4;6.68450761
2;29;34;Lachesiodendron viridiflorum;3;3.501408748
2;29;35;Lachesiodendron viridiflorum;4;5.188451145
2;29;36;Lachesiodendron viridiflorum;3;6.366197724
2;29;36;Lachesiodendron viridiflorum;3;5.092958179
2;29;36;Lachesiodendron viridiflorum;3;4.774648293
2;29;37;Dalbergia cearensis;3;4.13802852
2;29;38;Dalbergia cearensis;3;4.774648293
2;29;39;Godmania dardanoi;5;8.116902098
2;29;40;morta;2;6.270704758
2;29;41;Machaerium acutifolium;4;5.729577951
2;29;42;Lachesiodendron viridiflorum;4;5.092958179
2;29;43;Apuleia leiocarpa;2;4.774648293
2;29;44;Lachesiodendron viridiflorum;3.5;11.4591559
2;29;45;Dalbergia cearensis;4;4.965634224
2;29;46;Machaerium acutifolium;3;5.379437077
2;29;47;Neocalyptrocalyx longifolium;3.5;7.257465405
2;29;48;Lachesiodendron viridiflorum;4;5.347606088
2;29;49;Apuleia leiocarpa;5;8.912676813
2;29;50;Lachesiodendron viridiflorum;3;5.888732894
2;29;50;Lachesiodendron viridiflorum;3;5.53859202
2;29;51;morta;3;4.010704566
2;29;52;Eugenia sp.1;3;5.092958179
2;29;53;Lachesiodendron viridiflorum;3;4.774648293
2;29;54;Lachesiodendron viridiflorum;3;5.729577951
2;29;54;Lachesiodendron viridiflorum;3;3.087605896
2;29;54;Lachesiodendron viridiflorum;3;3.183098862
2;29;55;Dalbergia cearensis;4;6.46169069
2;29;55;Dalbergia cearensis;4;5.888732894
2;29;56;Dalbergia cearensis;5;7.957747155
2;29;57;Lachesiodendron viridiflorum;3;3.246760839
2;29;57;Lachesiodendron viridiflorum;3;3.087605896
2;29;57;Lachesiodendron viridiflorum;3;3.501408748
2;29;58;Annona leptopetala;4;6.238873769
2;29;59;Dalbergia cearensis;4;7.161972439
2;29;60;Dalbergia cearensis;4;6.270704758
2;29;61;morta;3;5.729577951
2;29;61;morta;3;3.819718634
2;29;62;Dalbergia cearensis;4.5;9.867606472
2;29;62;Dalbergia cearensis;4.5;7.639437268
2;29;63;Dalbergia cearensis;4;7.957747155
2;29;64;Lachesiodendron viridiflorum;4;5.156620156
2;29;65;Dalbergia cearensis;3;5.092958179
2;29;65;Dalbergia cearensis;3;4.774648293
2;29;66;Lachesiodendron viridiflorum;4;5.729577951
2;29;66;Lachesiodendron viridiflorum;4;11.4591559
2;29;66;Lachesiodendron viridiflorum;4;3.819718634
2;29;67;Dalbergia cearensis;5;16.55211408
2;29;67;Dalbergia cearensis;7;8.085071109
2;29;68;morta;3;5.029296202
2;29;69;Dalbergia cearensis;3;7.8304232
2;29;70;morta;3;5.729577951
2;29;71;Erythroxylum laetevirens;4;11.14084602
2;29;71;Erythroxylum laetevirens;4;10.50422624
2;29;71;Erythroxylum laetevirens;4;11.58647986
2;29;71;Erythroxylum laetevirens;4;3.183098862
2;29;72;Dalbergia cearensis;3;5.729577951
2;29;73;Eugenia sp.1;2;3.087605896
2;29;74;Lachesiodendron viridiflorum;2;5.729577951
2;29;74;Lachesiodendron viridiflorum;2;5.092958179
2;29;75;Dalbergia cearensis;3;4.83831027
2;29;76;Lachesiodendron viridiflorum;4;4.520000384
2;29;77;Annona leptopetala;4;5.156620156
2;29;77;Annona leptopetala;4;3.501408748
2;29;78;Lachesiodendron viridiflorum;4;5.729577951
2;29;78;Lachesiodendron viridiflorum;4;6.207042781
2;29;79;Dalbergia cearensis;5;9.199155711
2;29;80;Annona leptopetala;3;5.729577951
2;29;81;Annona leptopetala;3;5.092958179
2;29;82;morta;3;9.549296586
2;29;83;Dalbergia cearensis;2;9.708451529
2;29;83;Dalbergia cearensis;2;5.252113122
2;29;84;Lachesiodendron viridiflorum;3;4.13802852
2;29;84;Lachesiodendron viridiflorum;3;3.501408748
2;29;85;Annona leptopetala;3;4.83831027
2;29;85;Annona leptopetala;3;3.183098862
2;29;86;Commiphora leptophloeos;4;14.00563499
2;29;87;Annona leptopetala;4;5.729577951
2;29;88;Lachesiodendron viridiflorum;4;5.156620156
2;29;88;Lachesiodendron viridiflorum;4;4.774648293
2;29;89;Dalbergia cearensis;5;7.193803428
2;29;90;Poecilanthe sp.1;4.5;11.61831085
2;29;91;morta;3;7.957747155
2;29;91;morta;3;9.230986699
2;29;91;morta;3;7.639437268
2;29;92;Dalbergia cearensis;5;7.957747155
2;29;93;Dalbergia cearensis;4;7.321127382
2;29;94;Dalbergia cearensis;4;7.321127382
2;29;95;morta;4;18.4619734
2;29;96;Lachesiodendron viridiflorum;3;3.819718634
2;29;97;morta;4;5.729577951
2;31;152;Lachesiodendron viridiflorum;4;6.366197724
2;31;153;Lachesiodendron viridiflorum;3;3.819718634
2;31;153;Lachesiodendron viridiflorum;3;3.183098862
2;31;154;morta;3;5.156620156
2;31;154;morta;3;3.183098862
2;31;155;Lachesiodendron viridiflorum;4;4.774648293
2;31;156;Erythroxylum laetevirens;4;5.411268065
2;31;156;Erythroxylum laetevirens;4;5.856901906
2;31;156;Erythroxylum laetevirens;4;9.358310654
2;31;157;Erythroxylum laetevirens;3;3.819718634
2;31;158;Neocalyptrocalyx longifolium;3;6.175211792
2;31;158;Neocalyptrocalyx longifolium;3;5.729577951
2;31;159;Eugenia sp.1;3;3.501408748
2;31;160;morta;4;6.366197724
2;31;161;Dalbergia cearensis;4;5.729577951
2;31;162;Aspidosperma pyrifolium;5;8.785352859
2;31;163;Erythroxylum laetevirens;3;3.819718634
2;31;163;Erythroxylum laetevirens;3;3.087605896
2;31;164;Lachesiodendron viridiflorum;2;5.092958179
2;31;165;Dalbergia cearensis;4.5;6.238873769
2;31;166;Dalbergia cearensis;4;6.175211792
2;31;167;Zanthoxylum hamadryadicum;3;5.411268065
2;31;168;Lachesiodendron viridiflorum;4;7.734930234
2;31;169;Zanthoxylum hamadryadicum;4;6.175211792
2;31;170;morta;4;7.957747155
2;31;171;morta;4;5.029296202
2;31;172;morta;3;3.183098862
2;31;173;Dalbergia cearensis;4;5.124789168
2;31;174;Dalbergia cearensis;4;4.13802852
2;31;175;Dalbergia cearensis;3;4.870141259
2;31;176;Erythroxylum laetevirens;4;4.13802852
2;31;176;Erythroxylum laetevirens;4;4.456338407
2;31;177;morta;4;7.257465405
2;31;178;Lachesiodendron viridiflorum;3;4.13802852
2;31;178;Lachesiodendron viridiflorum;3;4.456338407
2;31;179;morta;3;9.931268449
2;31;180;Erythroxylum laetevirens;4;4.13802852
2;31;181;Tabaroa caatingicola;4;4.520000384
2;31;182;Lachesiodendron viridiflorum;4;5.092958179
2;31;183;Erythroxylum laetevirens;4;10.82253613
2;31;183;Erythroxylum laetevirens;4;7.002817496
2;31;183;Erythroxylum laetevirens;4;5.729577951
2;31;184;Dalbergia cearensis;3;4.13802852
2;31;185;Zanthoxylum hamadryadicum;4;5.411268065
2;31;186;morta;3;5.729577951
2;31;187;morta;2;6.111549815
2;31;188;Lachesiodendron viridiflorum;3;7.639437268
2;31;188;Lachesiodendron viridiflorum;3;4.13802852
2;31;188;Lachesiodendron viridiflorum;3;5.729577951
2;31;189;morta;2;9.358310654
2;31;190;Dalbergia cearensis;4;4.456338407
2;31;191;Zanthoxylum hamadryadicum;4;8.403380995
2;31;192;Dalbergia cearensis;4;7.957747155
2;31;193;morta;3;6.366197724
2;31;194;Erythroxylum laetevirens;2;3.819718634
2;31;195;Erythroxylum laetevirens;4;6.366197724
2;31;195;Erythroxylum laetevirens;4;5.793239929
2;31;195;Erythroxylum laetevirens;4;4.13802852
2;31;195;Erythroxylum laetevirens;4;4.551831372
2;31;196;Commiphora leptophloeos;4.5;14.64225476
2;31;197;Lachesiodendron viridiflorum;4;7.002817496
2;31;197;Lachesiodendron viridiflorum;4;5.729577951
2;31;197;Lachesiodendron viridiflorum;4;5.092958179
2;31;198;morta;3;5.347606088
2;31;199;Lachesiodendron viridiflorum;4;9.549296586
2;31;199;Lachesiodendron viridiflorum;4;5.729577951
2;31;199;Lachesiodendron viridiflorum;4;4.297183463
2;31;199;Lachesiodendron viridiflorum;4;3.819718634
2;31;200;Erythroxylum laetevirens;4;9.040000768
2;31;200;Erythroxylum laetevirens;4;3.565070725
2;31;200;Erythroxylum laetevirens;4;4.13802852
2;31;200;Erythroxylum laetevirens;4;4.488169395
2;31;201;Lachesiodendron viridiflorum;4;7.639437268
2;31;202;Erythroxylum laetevirens;4;4.13802852
2;31;203;Erythroxylum laetevirens;4;5.793239929
2;31;203;Erythroxylum laetevirens;4;5.092958179
2;31;203;Erythroxylum laetevirens;4;5.856901906
2;31;203;Erythroxylum laetevirens;4;4.13802852
2;31;204;Zanthoxylum hamadryadicum;4;5.092958179
2;31;205;Dalbergia cearensis;4;3.819718634
2;31;206;Erythroxylum laetevirens;4;4.774648293
2;31;207;Erythroxylum laetevirens;4.5;10.18591636
2;31;207;Erythroxylum laetevirens;4.5;4.774648293
2;31;208;morta;4;4.456338407
2;31;209;Dalbergia cearensis;4;6.366197724
2;31;210;Eugenia sp.1;4;5.06112719
2;31;211;Eugenia sp.1;5;8.658028904
2;31;212;Dalbergia cearensis;4;6.366197724
2;31;213;Dalbergia cearensis;4;5.474930042
2;31;214;Eugenia sp.1;4;5.220282133
2;31;215;Erythroxylum laetevirens;4;3.819718634
2;31;215;Erythroxylum laetevirens;4;5.188451145
2;31;215;Erythroxylum laetevirens;4;3.246760839
2;31;215;Erythroxylum laetevirens;4;6.047887837
2;31;216;Lachesiodendron viridiflorum;3;6.366197724
2;31;217;Dalbergia cearensis;3;6.111549815
2;31;218;Erythroxylum laetevirens;3;3.183098862
2;31;219;Erythroxylum laetevirens;4.5;5.220282133
2;31;220;Dalbergia cearensis;4;3.819718634
2;31;220;Dalbergia cearensis;4;6.366197724
2;31;221;Erythroxylum laetevirens;4;6.366197724
2;31;222;Poecilanthe sp.1;5;8.912676813
2;31;223;Erythroxylum laetevirens;3;4.201690498
2;31;224;Erythroxylum laetevirens;4;5.220282133
2;31;225;Erythroxylum laetevirens;3;5.092958179
2;31;226;morta;3;5.729577951
2;31;227;Erythroxylum laetevirens;3;5.252113122
2;31;228;Erythroxylum laetevirens;4;9.581127574
2;31;229;Zanthoxylum hamadryadicum;4.5;6.111549815
2;31;230;Dalbergia cearensis;4;7.957747155
2;31;231;Dalbergia cearensis;4.5;11.33183195
2;31;232;morta;3;3.819718634
2;31;233;Lachesiodendron viridiflorum;4;5.729577951
2;31;233;Lachesiodendron viridiflorum;4;4.13802852
2;31;234;morta;5;9.358310654
2;31;235;Erythroxylum laetevirens;3.5;8.912676813
2;31;235;Erythroxylum laetevirens;3.5;7.002817496
2;31;235;Erythroxylum laetevirens;3.5;4.13802852
2;31;235;Erythroxylum laetevirens;3.5;7.734930234
2;31;235;Erythroxylum laetevirens;3.5;7.957747155
2;31;236;Lachesiodendron viridiflorum;3;6.111549815
2;31;237;morta;3;5.156620156
2;31;238;Lachesiodendron viridiflorum;4;5.729577951
2;31;238;Lachesiodendron viridiflorum;4;4.83831027
2;31;238;Lachesiodendron viridiflorum;4;7.002817496
2;31;238;Lachesiodendron viridiflorum;4;5.092958179
2;31;239;morta;3;5.092958179
2;31;240;morta;5;9.040000768
2;31;241;Dalbergia cearensis;4;3.819718634
2;31;242;Lachesiodendron viridiflorum;4;3.819718634
2;31;243;Dalbergia cearensis;4;7.002817496
2;31;244;Zanthoxylum hamadryadicum;5;10.6315502
2;32;245;Dalbergia cearensis;4;7.002817496
2;32;246;Lachesiodendron viridiflorum;4;5.156620156
2;32;247;Lachesiodendron viridiflorum;4;5.506761031
2;32;248;Zanthoxylum hamadryadicum;4;5.665915974
2;32;249;Erythroxylum laetevirens;4;6.366197724
2;32;250;Apuleia leiocarpa;3;4.456338407
2;32;251;Commiphora leptophloeos;4;15.69267739
2;32;252;Annona leptopetala;3;4.13802852
2;32;253;Lachesiodendron viridiflorum;3;4.13802852
2;32;254;Dalbergia cearensis;4;6.366197724
2;32;255;Dalbergia cearensis;3;3.819718634
2;32;256;Lachesiodendron viridiflorum;4;7.639437268
2;32;256;Lachesiodendron viridiflorum;4;5.092958179
2;32;256;Lachesiodendron viridiflorum;4;4.456338407
2;32;257;Ziziphus joazeiro;5;10.31324031
2;32;258;Lachesiodendron viridiflorum;4;9.358310654
2;32;259;Lachesiodendron viridiflorum;4;5.729577951
2;32;260;Dalbergia cearensis;4;4.456338407
2;32;261;Dalbergia cearensis;4;5.602253997
2;32;262;Dalbergia cearensis;3;6.238873769
2;32;263;Tabaroa caatingicola;3;4.679155327
2;32;264;Lachesiodendron viridiflorum;4;9.358310654
2;32;265;Zanthoxylum hamadryadicum;3;3.501408748
2;32;266;Dalbergia cearensis;3;4.456338407
2;32;267;Luetzelburgia bahiensis;5;7.002817496
2;32;268;morta;3;6.270704758
2;32;269;Dalbergia cearensis;3;4.520000384
2;32;270;Guapira opposita;5;12.28676161
2;32;270;Guapira opposita;5;10.88619811
2;32;270;Guapira opposita;5;8.912676813
2;32;271;Erythroxylum laetevirens;4;4.710986316
2;32;271;Erythroxylum laetevirens;4;8.05324012
2;32;271;Erythroxylum laetevirens;4;5.793239929
2;32;271;Erythroxylum laetevirens;4;5.092958179
2;32;272;Lachesiodendron viridiflorum;4;7.957747155
2;32;272;Lachesiodendron viridiflorum;4;10.18591636
2;32;273;Aspidosperma pyrifolium;2;3.501408748
2;32;274;Erythroxylum laetevirens;3;5.793239929
2;32;275;Tabaroa caatingicola;4;5.029296202
2;32;276;Dalbergia cearensis;4;6.366197724
2;32;277;Dalbergia cearensis;4;5.729577951
2;32;278;Erythroxylum laetevirens;4;6.366197724
2;32;279;Zanthoxylum hamadryadicum;5;5.888732894
2;32;280;Dalbergia cearensis;5;9.390141642
2;32;281;Erythroxylum laetevirens;4;4.13802852
2;32;282;Eugenia sp.1;5;7.002817496
2;32;283;Lachesiodendron viridiflorum;3;3.501408748
2;32;284;Lachesiodendron viridiflorum;4;7.957747155
2;32;284;Lachesiodendron viridiflorum;4;4.774648293
2;32;285;Dalbergia cearensis;4;5.920563883
2;32;286;Apuleia leiocarpa;5.5;11.58647986
2;32;287;Dalbergia cearensis;5;4.774648293
2;32;288;Lachesiodendron viridiflorum;5;11.20450799
2;32;289;Zanthoxylum hamadryadicum;4;6.716338598
2;32;290;Dalbergia cearensis;6;11.84112777
2;32;291;Zanthoxylum hamadryadicum;4;8.721690881
2;32;292;Albizia polycephala;4;4.997465213
2;32;293;Zanthoxylum hamadryadicum;4;6.207042781
2;32;294;Lachesiodendron viridiflorum;4;5.888732894
2;32;295;Lachesiodendron viridiflorum;3;4.201690498
2;32;296;Tabaroa caatingicola;4;3.978873577
2;32;297;morta;2;12.73239545
2;32;298;Zanthoxylum hamadryadicum;4;5.793239929
2;32;299;morta;2;9.803944494
2;32;300;Zanthoxylum hamadryadicum;3;3.819718634
2;32;301;Lachesiodendron viridiflorum;4;10.82253613
2;32;301;Lachesiodendron viridiflorum;4;8.912676813
2;32;302;Erythroxylum laetevirens;3.5;12.09577567
2;32;302;Erythroxylum laetevirens;3.5;7.957747155
2;32;302;Erythroxylum laetevirens;3.5;7.734930234
2;32;303;morta;4;5.092958179
2;32;304;Lachesiodendron viridiflorum;3;5.729577951
2;32;305;Neocalyptrocalyx longifolium;4;5.474930042
2;32;306;Aspidosperma pyrifolium;2.5;6.68450761
3;9;989;Senegalia tenuifolia;4.5;10.82253613
3;9;990;Senegalia tenuifolia;4;10.50422624
3;9;990;Senegalia tenuifolia;4;9.103662745
3;9;991;Senegalia tenuifolia;4;6.207042781
3;9;992;Senegalia tenuifolia;4.5;9.549296586
3;9;992;Senegalia tenuifolia;4.5;5.729577951
3;9;992;Senegalia tenuifolia;4.5;5.156620156
3;9;992;Senegalia tenuifolia;4.5;5.729577951
3;9;993;Senegalia tenuifolia;4;10.98169107
3;9;993;Senegalia tenuifolia;4;5.729577951
3;9;994;Senegalia tenuifolia;4;11.14084602
3;9;994;Senegalia tenuifolia;4;5.092958179
3;9;995;Senegalia tenuifolia;4;12.09577567
3;9;996;morta;3;6.366197724
3;9;997;Senegalia tenuifolia;4;11.77746579
3;9;997;Senegalia tenuifolia;4;9.230986699
3;9;998;Senegalia tenuifolia;4;6.68450761
3;9;998;Senegalia tenuifolia;4;6.047887837
3;9;999;Senegalia tenuifolia;4;10.82253613
3;9;1000;Senegalia tenuifolia;3;5.729577951
3;9;1001;Senegalia tenuifolia;4;5.092958179
3;9;1002;Senegalia tenuifolia;4.5;7.639437268
3;9;1003;Ziziphus joazeiro;4;6.047887837
3;9;1003;Ziziphus joazeiro;4;4.774648293
3;9;1003;Ziziphus joazeiro;4;3.978873577
3;9;1003;Ziziphus joazeiro;4;5.092958179
3;9;1004;Senegalia tenuifolia;4;7.321127382
3;9;1004;Senegalia tenuifolia;4;6.68450761
3;9;1004;Senegalia tenuifolia;4;7.957747155
3;9;1004;Senegalia tenuifolia;4;6.366197724
3;9;1005;Senegalia tenuifolia;4;9.549296586
3;9;1005;Senegalia tenuifolia;4;7.639437268
3;9;1005;Senegalia tenuifolia;4;8.371550007
3;9;1006;Senegalia tenuifolia;3;3.819718634
3;9;1007;Senegalia tenuifolia;4.5;12.41408556
3;9;1008;Senegalia tenuifolia;3;4.774648293
3;9;1009;Senegalia tenuifolia;3;6.366197724
3;9;1010;Senegalia tenuifolia;4;7.161972439
3;9;1011;Senegalia tenuifolia;4.5;10.82253613
3;9;1012;Senegalia tenuifolia;4;5.411268065
3;9;1013;Senegalia tenuifolia;4;9.549296586
3;9;1014;Senegalia tenuifolia;4;7.639437268
3;9;1014;Senegalia tenuifolia;4;7.002817496
3;9;1014;Senegalia tenuifolia;4;7.002817496
3;9;1015;Senegalia tenuifolia;3;6.366197724
3;9;1016;Senegalia tenuifolia;3;6.68450761
3;9;1017;Cordia trichotoma;2;4.456338407
3;9;1018;Ziziphus joazeiro;3;4.13802852
3;9;1018;Ziziphus joazeiro;3;5.411268065
3;9;1018;Ziziphus joazeiro;3;3.978873577
3;9;1018;Ziziphus joazeiro;3;4.13802852
3;9;1019;Ziziphus joazeiro;3;14.32394488
3;9;1019;Ziziphus joazeiro;3;12.73239545
3;9;1019;Ziziphus joazeiro;3;16.2338042
3;9;1019;Ziziphus joazeiro;3;11.14084602
3;9;1020;Cereus jamacaru;4;7.957747155
3;9;1020;Cereus jamacaru;4;8.912676813
3;9;1021;Pereskia bahiensis;4;7.639437268
3;9;1021;Pereskia bahiensis;4;7.480282325
3;9;1021;Pereskia bahiensis;4;6.270704758
3;9;1021;Pereskia bahiensis;4;4.13802852
3;9;1021;Pereskia bahiensis;4;5.888732894
3;9;1022;Lachesiodendron viridiflorum;4;14.32394488
3;9;1023;Senegalia tenuifolia;4;9.071831756
3;9;1023;Senegalia tenuifolia;4;7.957747155
3;10;1024;Senegalia tenuifolia;5;11.77746579
3;10;1024;Senegalia tenuifolia;5;8.467042972
3;10;1025;Senegalia tenuifolia;4;6.366197724
3;10;1025;Senegalia tenuifolia;4;5.856901906
3;10;1025;Senegalia tenuifolia;4;6.207042781
3;10;1025;Senegalia tenuifolia;4;5.092958179
3;10;1025;Senegalia tenuifolia;4;4.456338407
3;10;1026;Senegalia tenuifolia;4.5;12.22309963
3;10;1027;Senegalia tenuifolia;4;9.230986699
3;10;1028;Senegalia tenuifolia;4;5.092958179
3;10;1028;Senegalia tenuifolia;4;6.366197724
3;10;1029;Senegalia tenuifolia;4.5;8.276057041
3;10;1030;Senegalia tenuifolia;4.5;13.68732511
3;10;1031;Senegalia tenuifolia;4;9.390141642
3;10;1032;Senegalia tenuifolia;4.5;14.32394488
3;10;1032;Senegalia tenuifolia;4.5;15.27887454
3;10;1032;Senegalia tenuifolia;4.5;10.82253613
3;10;1033;Senegalia tenuifolia;4;3.819718634
3;10;1034;Senegalia tenuifolia;4;7.002817496
3;10;1035;Senegalia tenuifolia;4;6.366197724
3;10;1036;Senegalia tenuifolia;4;5.570423008
3;10;1036;Senegalia tenuifolia;4;5.092958179
3;10;1037;Senegalia tenuifolia;3.5;3.501408748
3;10;1038;Senegalia tenuifolia;4;4.13802852
3;10;1039;Senegalia tenuifolia;3.5;5.411268065
3;10;1040;Senegalia tenuifolia;3.5;3.501408748
3;10;1041;Senegalia tenuifolia;3;4.201690498
3;10;1042;morta;5;12.73239545
3;10;1043;morta;3.5;5.53859202
3;10;1044;Senegalia tenuifolia;3.5;3.819718634
3;10;1044;Senegalia tenuifolia;3.5;3.978873577
3;10;1045;Senegalia tenuifolia;3;8.276057041
3;10;1046;Senegalia tenuifolia;4.5;12.41408556
3;10;1047;Senegalia tenuifolia;4;8.276057041
3;10;1048;Senegalia tenuifolia;4;5.729577951
3;10;1048;Senegalia tenuifolia;4;5.665915974
3;10;1049;Senegalia tenuifolia;3;3.819718634
3;10;1049;Senegalia tenuifolia;3;4.13802852
3;10;1050;Senegalia tenuifolia;4.5;6.366197724
3;10;1050;Senegalia tenuifolia;4.5;7.480282325
3;11;1051;Senegalia tenuifolia;4;7.321127382
3;11;1051;Senegalia tenuifolia;4;7.002817496
3;11;1052;Senegalia tenuifolia;4;9.230986699
3;11;1052;Senegalia tenuifolia;4;5.092958179
3;11;1052;Senegalia tenuifolia;4;5.888732894
3;11;1053;Senegalia tenuifolia;4;5.729577951
3;11;1053;Senegalia tenuifolia;4;5.252113122
3;11;1053;Senegalia tenuifolia;4;4.13802852
3;11;1054;morta;3;8.276057041
3;11;1055;Senna spectabilis;6;17.18873385
3;11;1055;Senna spectabilis;6;14.96056465
3;11;1055;Senna spectabilis;6;11.4591559
3;11;1056;Senegalia tenuifolia;4;5.092958179
3;11;1056;Senegalia tenuifolia;4;3.819718634
3;11;1057;Senegalia tenuifolia;3;4.13802852
3;11;1058;Senegalia tenuifolia;3;9.549296586
3;11;1058;Senegalia tenuifolia;3;9.549296586
3;11;1058;Senegalia tenuifolia;3;7.321127382
3;11;1058;Senegalia tenuifolia;3;6.366197724
3;11;1059;Senegalia tenuifolia;4;8.276057041
3;11;1059;Senegalia tenuifolia;4;7.957747155
3;11;1059;Senegalia tenuifolia;4;6.525352667
3;11;1060;Lachesiodendron viridiflorum;5;20.6901426
3;11;1060;Lachesiodendron viridiflorum;5;18.14366351
3;11;1061;Senegalia tenuifolia;3;6.68450761
3;11;1061;Senegalia tenuifolia;3;4.61549335
3;11;1061;Senegalia tenuifolia;3;5.729577951
3;11;1062;Senegalia tenuifolia;4;7.480282325
3;11;1062;Senegalia tenuifolia;4;4.774648293
3;11;1062;Senegalia tenuifolia;4;4.456338407
3;11;1063;Senegalia tenuifolia;4.5;8.276057041
3;11;1064;Senegalia tenuifolia;3;3.988422874
3;11;1065;Senegalia tenuifolia;3;3.988422874
3;11;1066;Senegalia tenuifolia;3;11.10901503
3;11;1067;Senegalia tenuifolia;4;6.780000576
3;11;1068;Senegalia tenuifolia;3;4.297183463
3;11;1069;Senegalia tenuifolia;4;8.658028904
3;11;1070;Senegalia tenuifolia;3.5;6.843662553
3;11;1071;Senegalia tenuifolia;3;3.501408748
3;11;1072;Senegalia tenuifolia;3.5;4.360845441
3;11;1072;Senegalia tenuifolia;3.5;4.488169395
3;11;1073;Senegalia tenuifolia;4;6.175211792
3;11;1074;Senegalia tenuifolia;4;8.435211984
3;12;1075;Senegalia tenuifolia;4;6.207042781
3;12;1075;Senegalia tenuifolia;4;4.774648293
3;12;1075;Senegalia tenuifolia;4;5.188451145
3;12;1075;Senegalia tenuifolia;4;4.456338407
3;12;1076;Senegalia tenuifolia;4;5.729577951
3;12;1076;Senegalia tenuifolia;4;4.901972247
3;12;1076;Senegalia tenuifolia;4;3.9152116
3;12;1076;Senegalia tenuifolia;4;3.183098862
3;12;1077;Senegalia tenuifolia;4;3.819718634
3;12;1077;Senegalia tenuifolia;4;4.297183463
3;12;1077;Senegalia tenuifolia;4;3.183098862
3;12;1078;Senegalia tenuifolia;4;10.18591636
3;12;1079;Senegalia tenuifolia;4;8.403380995
3;12;1080;Senegalia tenuifolia;3;3.183098862
3;12;1081;Senegalia tenuifolia;4.5;10.88619811
3;12;1081;Senegalia tenuifolia;4.5;9.708451529
3;12;1081;Senegalia tenuifolia;4.5;11.4591559
3;12;1082;morta;4.5;15.91549431
3;12;1083;Ziziphus joazeiro;5;11.77746579
3;12;1083;Ziziphus joazeiro;5;9.549296586
3;12;1083;Ziziphus joazeiro;5;4.13802852
3;12;1084;Senegalia tenuifolia;4;5.729577951
3;12;1085;Senegalia tenuifolia;4;6.143380803
3;12;1086;Senegalia tenuifolia;4;4.456338407
3;12;1086;Senegalia tenuifolia;4;3.978873577
3;12;1086;Senegalia tenuifolia;4;4.774648293
3;12;1087;Senegalia tenuifolia;4;5.443099054
3;12;1088;Senegalia tenuifolia;2.5;3.819718634
3;12;1088;Senegalia tenuifolia;2.5;3.501408748
3;12;1089;Senegalia tenuifolia;2.5;3.087605896
3;12;1090;Senegalia tenuifolia;4;5.729577951
3;12;1091;Senegalia tenuifolia;4;3.087605896
3;12;1092;Senegalia tenuifolia;4;3.087605896
3;12;1092;Senegalia tenuifolia;4;3.183098862
3;12;1092;Senegalia tenuifolia;4;3.183098862
3;12;1093;Senegalia tenuifolia;3;9.708451529
3;12;1094;Senegalia tenuifolia;4;8.912676813
3;12;1095;Lachesiodendron viridiflorum;4;4.13802852
3;12;1096;Senegalia tenuifolia;4;6.68450761
3;12;1096;Senegalia tenuifolia;4;7.002817496
3;12;1097;Senegalia tenuifolia;4;11.61831085
3;12;1097;Senegalia tenuifolia;4;5.411268065
3;12;1097;Senegalia tenuifolia;4;6.302535746
4;15;464;Acosmium diffusissimum;5;9.199155711
4;15;464;Acosmium diffusissimum;5;5.729577951
4;15;464;Acosmium diffusissimum;5;5.220282133
4;15;464;Acosmium diffusissimum;5;6.90732453
4;15;464;Acosmium diffusissimum;5;8.276057041
4;15;465;Croton nepetifolius;3;5.729577951
4;15;466;Guapira opposita;4;8.403380995
4;15;467;Croton nepetifolius;3;10.82253613
4;15;468;Acosmium diffusissimum;3;9.549296586
4;15;468;Acosmium diffusissimum;3;5.856901906
4;15;468;Acosmium diffusissimum;3;7.639437268
4;15;468;Acosmium diffusissimum;3;5.729577951
4;15;468;Acosmium diffusissimum;3;5.220282133
4;15;468;Acosmium diffusissimum;3;6.366197724
4;15;468;Acosmium diffusissimum;3;6.68450761
4;15;469;Lachesiodendron viridiflorum;4;8.276057041
4;15;469;Lachesiodendron viridiflorum;4;6.68450761
4;15;470;Guapira opposita;5;10.82253613
4;15;471;Eugenia sp.1;3;4.13802852
4;15;472;Dahlstedtia araripensis;3;4.456338407
4;15;473;morta;3;10.82253613
4;15;474;Guapira opposita;4;7.639437268
4;15;475;morta;2;5.411268065
4;15;476;Acosmium diffusissimum;5;12.09577567
4;15;476;Acosmium diffusissimum;5;5.729577951
4;15;477;morta;3;4.774648293
4;15;478;Piptadenia stipulacea;5;6.047887837
4;15;478;Piptadenia stipulacea;5;7.639437268
4;15;479;Commiphora leptophloeos;4;11.77746579
4;15;480;Jatropha mollissima;4;10.82253613
4;15;481;Eugenia sp.1;4;5.474930042
4;15;482;Dahlstedtia araripensis;7;11.4591559
4;15;483;Dahlstedtia araripensis;8;11.14084602
4;15;484;Dahlstedtia araripensis;7;10.82253613
4;15;485;Pityrocarpa moniliformis;4;7.639437268
4;15;486;Pityrocarpa moniliformis;6;9.867606472
4;15;486;Pityrocarpa moniliformis;3;10.82253613
4;15;487;Acosmium diffusissimum;5;7.321127382
4;15;488;Acosmium diffusissimum;6;8.912676813
4;15;489;Acosmium diffusissimum;5;5.411268065
4;15;489;Acosmium diffusissimum;5;5.411268065
4;15;490;morta;4;11.4591559
4;15;491;Acosmium diffusissimum;5;5.092958179
4;15;492;Acosmium diffusissimum;4.5;6.366197724
4;15;493;Acosmium diffusissimum;5.5;5.729577951
4;15;494;Acosmium diffusissimum;5;6.047887837
4;15;494;Acosmium diffusissimum;5;6.366197724
4;15;495;Acosmium diffusissimum;6;8.594366927
4;15;495;Acosmium diffusissimum;6;5.092958179
4;15;496;Acosmium diffusissimum;6;6.68450761
4;15;497;Acosmium diffusissimum;6;5.634084985
4;15;498;morta;4;6.047887837
4;15;499;Lachesiodendron viridiflorum;4;4.997465213
4;15;500;Acosmium diffusissimum;6;7.639437268
4;15;501;Acosmium diffusissimum;5;6.366197724
4;15;502;Acosmium diffusissimum;5;5.474930042
4;15;503;morta;4;6.047887837
4;15;504;Lachesiodendron viridiflorum;5;5.092958179
4;15;504;Lachesiodendron viridiflorum;5;5.729577951
4;15;504;Lachesiodendron viridiflorum;5;5.092958179
4;15;504;Lachesiodendron viridiflorum;5;5.411268065
4;15;505;Guapira opposita;5;6.366197724
4;15;506;Acosmium diffusissimum;5;5.729577951
4;15;507;Goniorrhachis marginata;5;7.002817496
4;16;508;Goniorrhachis marginata;6;9.230986699
4;16;509;Lachesiodendron viridiflorum;4;5.092958179
4;16;509;Lachesiodendron viridiflorum;4;5.092958179
4;16;510;Lachesiodendron viridiflorum;4;5.252113122
4;16;511;Goniorrhachis marginata;6;10.82253613
4;16;512;Dalbergia cearensis;4;5.602253997
4;16;513;Acosmium diffusissimum;5;9.867606472
4;16;514;Goniorrhachis marginata;8;10.18591636
4;16;515;Alseis sertaneja;3;5.220282133
4;16;516;Goniorrhachis marginata;8;13.65549412
4;16;517;Acosmium diffusissimum;5;5.411268065
4;16;517;Acosmium diffusissimum;5;5.092958179
4;16;517;Acosmium diffusissimum;5;5.53859202
4;16;517;Acosmium diffusissimum;5;5.092958179
4;16;518;Lachesiodendron viridiflorum;4;6.811831564
4;16;519;Lachesiodendron viridiflorum;3;5.315775099
4;16;520;Lachesiodendron viridiflorum;4;4.997465213
4;16;521;morta;4;5.729577951
4;16;522;morta;6;11.4591559
4;16;522;morta;6;12.22309963
4;16;523;Lachesiodendron viridiflorum;5;5.411268065
4;16;524;Goniorrhachis marginata;4;5.411268065
4;16;525;Goniorrhachis marginata;4;5.474930042
4;16;526;Piptadenia stipulacea;4.5;5.729577951
4;16;527;Goniorrhachis marginata;5;7.321127382
4;16;528;Goniorrhachis marginata;7.5;12.73239545
4;16;529;Lachesiodendron viridiflorum;4;5.092958179
4;16;530;Lachesiodendron viridiflorum;6;7.002817496
4;16;531;Lachesiodendron viridiflorum;4;4.997465213
4;16;532;Magonia pubescens;5;7.957747155
4;16;533;Acosmium diffusissimum;5;5.952394872
4;16;534;morta;4;9.549296586
4;16;535;Goniorrhachis marginata;7;14.64225476
4;16;536;Goniorrhachis marginata;5;7.448451337
4;16;537;Goniorrhachis marginata;6;8.021409132
4;16;538;Lachesiodendron viridiflorum;5;11.01352206
4;16;539;Lachesiodendron viridiflorum;6;11.07718404
4;16;540;morta;5;15.69267739
4;16;541;Goniorrhachis marginata;4;4.997465213
4;16;542;Guapira opposita;4;7.321127382
4;16;543;Magonia pubescens;4;5.092958179
4;16;544;Magonia pubescens;5;10.88619811
4;16;545;morta;5;15.27887454
4;16;546;Goniorrhachis marginata;6;11.14084602
4;16;547;Goniorrhachis marginata;4;9.867606472
4;16;548;Goniorrhachis marginata;4;10.82253613
4;16;549;Lachesiodendron viridiflorum;5;10.82253613
4;16;550;Lachesiodendron viridiflorum;4;4.997465213
4;16;550;Lachesiodendron viridiflorum;4;5.411268065
4;16;550;Lachesiodendron viridiflorum;4;4.997465213
4;16;551;Goniorrhachis marginata;4;7.639437268
4;16;552;morta;2;4.997465213
4;16;553;Lachesiodendron viridiflorum;4;5.092958179
4;16;554;Lachesiodendron viridiflorum;5;4.997465213
4;16;555;Goniorrhachis marginata;4;5.411268065
4;16;556;Handroanthus selachidentatus;4.5;6.68450761
4;16;556;Handroanthus selachidentatus;4.5;5.252113122
4;16;557;Magonia pubescens;4.5;7.321127382
4;16;558;Lachesiodendron viridiflorum;5;5.729577951
4;16;559;Guapira opposita;4;5.411268065
4;16;560;Acosmium diffusissimum;5.5;7.002817496
4;16;561;Handroanthus selachidentatus;5;7.639437268
4;16;562;Handroanthus selachidentatus;4.5;8.912676813
4;16;563;Alseis sertaneja;4;6.366197724
4;16;564;Magonia pubescens;4;8.594366927
4;16;564;Magonia pubescens;4;7.321127382
4;16;564;Magonia pubescens;4;6.366197724
4;16;565;Goniorrhachis marginata;5;6.366197724
4;16;566;Magonia pubescens;5;12.73239545
4;16;566;Magonia pubescens;5;7.321127382
4;16;566;Magonia pubescens;5;5.092958179
4;16;567;Acosmium diffusissimum;4;5.092958179
4;16;568;Handroanthus selachidentatus;5;23.36394565
4;16;568;Handroanthus selachidentatus;4;7.384789359
4;16;569;Magonia pubescens;6;7.002817496
4;16;570;Aspidosperma pyrifolium;3;5.156620156
4;17;803;Goniorrhachis marginata;8.5;5
4;17;804;Parapiptadenia zehntneri;4;33.19972113
4;17;805;Parapiptadenia zehntneri;4;6.207042781
4;17;806;Goniorrhachis marginata;7;7.639437268
4;17;807;Goniorrhachis marginata;4.5;22.75915686
4;17;808;Goniorrhachis marginata;7;7.480282325
4;17;809;Cordia incognita;4;21.2631004
4;17;810;morta;2.5;7.321127382
4;17;811;Goniorrhachis marginata;7;9.708451529
4;17;812;morta;4.5;13.36901522
4;17;813;Goniorrhachis marginata;4.5;7.384789359
4;17;814;Acosmium diffusissimum;4.5;6.143380803
4;17;815;morta;5;6.047887837
4;17;816;Goniorrhachis marginata;13;4.456338407
4;17;817;morta;4;18.62112834
4;17;818;Goniorrhachis marginata;4;5.729577951
4;17;819;morta;6.5;5.092958179
4;17;820;morta;2;11.14084602
4;17;821;Dalbergia cearensis;4;9.867606472
4;17;822;Piptadenia stipulacea;4.5;5.729577951
4;17;823;Parapiptadenia zehntneri;6;5.729577951
4;17;824;morta;4;6.047887837
4;17;825;Piptadenia stipulacea;5;6.366197724
4;17;826;Goniorrhachis marginata;6;5.092958179
4;17;827;Acosmium diffusissimum;6;5.53859202
4;17;828;Goniorrhachis marginata;5;7.321127382
4;17;829;morta;4;6.207042781
4;17;830;Piptadenia stipulacea;6;17.18873385
4;17;831;morta;4.5;7.798592212
4;17;832;morta;4;6.366197724
4;17;833;morta;4;5.252113122
4;17;834;Acosmium diffusissimum;5;11.14084602
4;17;835;Acosmium diffusissimum;5;14.00563499
4;17;836;Acosmium diffusissimum;5;8.912676813
4;17;837;morta;6;14.96056465
4;17;838;Acosmium diffusissimum;4;11.77746579
4;17;839;Handroanthus selachidentatus;6;5.092958179
4;17;840;Parapiptadenia zehntneri;4;12.09577567
4;17;841;Piptadenia stipulacea;5;6.366197724
4;18;842;Goniorrhachis marginata;4;5.729577951
4;18;843;Commiphora leptophloeos;6;5.092958179
4;18;844;Anadenanthera colubrina;7;11.01352206
4;18;845;Dalbergia cearensis;4;11.71380381
4;18;846;morta;4;7.639437268
4;18;847;Goniorrhachis marginata;4.5;9.867606472
4;18;848;Goniorrhachis marginata;4;8.403380995
4;18;849;Goniorrhachis marginata;7;6.047887837
4;18;850;Goniorrhachis marginata;7;13.05070533
4;18;850;Goniorrhachis marginata;7;15.6608464
4;18;851;Piptadenia stipulacea;4;12.73239545
4;18;852;morta;4;4.997465213
4;18;853;Goniorrhachis marginata;5;14.00563499
4;18;854;Goniorrhachis marginata;7;6.366197724
4;18;855;Parapiptadenia zehntneri;6;11.77746579
4;18;856;Machaerium acutifolium;5;9.549296586
4;18;857;Platymiscium floribundum;4;7.957747155
4;18;858;Goniorrhachis marginata;4.5;6.175211792
4;18;859;Goniorrhachis marginata;4;6.016056849
4;18;859;Goniorrhachis marginata;4;5.729577951
4;18;860;Goniorrhachis marginata;7;5.188451145
4;18;861;Piptadenia stipulacea;4;10.82253613
4;18;862;Goniorrhachis marginata;9;5.092958179
4;18;862;Goniorrhachis marginata;9;11.77746579
4;18;863;Goniorrhachis marginata;5;8.594366927
4;18;864;Goniorrhachis marginata;5;7.639437268
4;18;865;Lachesiodendron viridiflorum;8;8.116902098
4;18;866;Goniorrhachis marginata;6;19.09859317
4;18;867;Goniorrhachis marginata;6;7.448451337
4;18;867;Goniorrhachis marginata;6;7.639437268
4;18;868;Schinopsis brasiliensis;8;7.480282325
4;18;869;Acosmium diffusissimum;4;23.23662169
4;18;870;morta;8;6.047887837
4;18;871;Goniorrhachis marginata;5;17.82535363
4;18;872;Acosmium diffusissimum;5;6.366197724
4;18;873;Goniorrhachis marginata;6;9.071831756
4;18;874;Acosmium diffusissimum;4;5.411268065
4;18;874;Acosmium diffusissimum;4;6.238873769
4;18;875;Acosmium diffusissimum;4.5;5.411268065
4;18;876;Acosmium diffusissimum;5;7.321127382
4;18;876;Acosmium diffusissimum;5;9.230986699
4;18;877;Acosmium diffusissimum;5;7.957747155
4;18;878;Acosmium diffusissimum;4.5;6.047887837
4;18;879;Goniorrhachis marginata;5;7.703099246
4;18;880;morta;5;5.411268065
4;18;881;morta;4;14.32394488
4;18;882;Piptadenia stipulacea;5;7.321127382
4;18;883;morta;5;6.366197724
4;18;883;morta;5;13.68732511
4;18;884;Piptadenia stipulacea;6;13.68732511
4;18;885;Goniorrhachis marginata;5;6.047887837
4;18;886;Goniorrhachis marginata;4;7.480282325
4;18;887;Goniorrhachis marginata;7.5;6.047887837
4;18;887;Goniorrhachis marginata;7.5;14.96056465
4;18;887;Goniorrhachis marginata;7.5;9.67662054
4;18;888;Platymiscium floribundum;4;8.97633879
4;18;889;Acosmium diffusissimum;7;5.092958179
4;18;890;Piptadenia stipulacea;5;14.96056465
4;18;890;Piptadenia stipulacea;5;5.729577951
4;18;891;morta;4;4.774648293
4;18;892;Goniorrhachis marginata;6.5;12.73239545
4;19;893;morta;5;10.50422624
4;19;894;Cordia incognita;4;13.05070533
4;19;895;morta;4;8.594366927
4;19;896;Goniorrhachis marginata;10;4.456338407
4;19;897;morta;6;17.98450857
4;19;897;morta;6;5.092958179
4;19;898;Acosmium diffusissimum;4;5.570423008
4;19;899;morta;4;6.68450761
4;19;900;Manihot caerulescens;6;7.321127382
4;19;901;morta;2;7.639437268
4;19;902;Acosmium diffusissimum;4;9.549296586
4;19;903;morta;5;5.092958179
4;19;904;morta;2;5.411268065
4;19;905;Handroanthus selachidentatus;5;5.729577951
4;19;905;Handroanthus selachidentatus;5;11.20450799
4;19;905;Handroanthus selachidentatus;5;6.366197724
4;19;905;Handroanthus selachidentatus;5;6.780000576
4;19;906;Piptadenia stipulacea;5;6.493521678
4;19;907;Manihot caerulescens;5;5.092958179
4;19;908;Piptadenia stipulacea;4;6.366197724
4;19;909;morta;4;5.092958179
4;19;910;morta;4;7.002817496
4;19;911;Piptadenia stipulacea;4;6.68450761
4;19;912;Piptadenia stipulacea;7;5.729577951
4;19;913;morta;4;9.549296586
4;19;914;Acosmium diffusissimum;6;5.729577951
4;19;915;Goniorrhachis marginata;8;7.480282325
4;19;916;Handroanthus selachidentatus;6;15.27887454
4;19;917;morta;4;12.5732405
4;19;918;morta;5;5.092958179
4;19;918;morta;3;6.366197724
4;19;919;Cordia incognita;4;5.729577951
4;19;920;morta;3;6.366197724
4;19;921;Acosmium diffusissimum;6;6.366197724
4;19;922;Goniorrhachis marginata;7;9.612958563
4;19;923;Piptadenia stipulacea;7;9.549296586
4;19;924;Acosmium diffusissimum;6;9.103662745
4;19;925;Aspidosperma pyrifolium;6;6.366197724
4;19;926;Lachesiodendron viridiflorum;6;10.18591636
4;19;927;morta;3;11.30000096
4;19;928;Goniorrhachis marginata;7;4.933803236
4;19;929;morta;5;9.549296586
4;19;929;morta;5;6.68450761
4;19;930;morta;1.5;5.092958179
4;19;931;morta;6;4.774648293
4;19;932;morta;5;5.092958179
4;19;933;Manihot caerulescens;6;7.002817496
4;19;934;Piptadenia stipulacea;4;5.729577951
4;19;935;Acosmium diffusissimum;6;4.456338407
4;19;936;Acosmium diffusissimum;6;7.321127382
4;19;937;morta;4;8.148733086
4;19;938;Cordia incognita;6;11.61831085
4;19;939;morta;5;7.703099246
4;19;940;morta;4.5;6.68450761
4;19;941;Handroanthus selachidentatus;4;5.570423008
4;19;942;morta;5;5.729577951
4;19;943;morta;3;7.321127382
4;19;944;morta;4;5.729577951
4;19;945;Goniorrhachis marginata;8;5.092958179
4;19;946;Lachesiodendron viridiflorum;4;9.549296586
4;19;947;morta;4;4.456338407
4;19;948;Cordia incognita;5;5.092958179
4;19;949;Acosmium diffusissimum;6;5.092958179
4;19;950;Handroanthus selachidentatus;5;8.785352859
4;19;951;morta;4;9.485634608
4;19;952;morta;5;5.092958179
4;19;953;Piptadenia stipulacea;5;5.729577951
4;19;954;morta;5;5.729577951
4;19;955;Cordia incognita;5;12.73239545
4;19;956;Piptadenia stipulacea;5;6.366197724
4;19;957;Acosmium diffusissimum;5;9.931268449
4;20;958;Goniorrhachis marginata;8;6.175211792
4;20;959;Commiphora leptophloeos;8;17.82535363
4;20;960;morta;5;30.39859413
4;20;961;Commiphora leptophloeos;6;8.435211984
4;20;962;morta;4;12.41408556
4;20;963;Terminalia fagifolia;6;7.321127382
4;20;963;Terminalia fagifolia;6;5.411268065
4;20;963;Terminalia fagifolia;6;5.252113122
4;20;963;Terminalia fagifolia;6;6.366197724
4;20;963;Terminalia fagifolia;6;9.612958563
4;20;963;Terminalia fagifolia;6;7.639437268
4;20;964;Goniorrhachis marginata;7;10.82253613
4;20;965;Platymiscium floribundum;4;14.96056465
4;20;966;morta;4;5.092958179
4;20;967;Handroanthus selachidentatus;6;5.729577951
4;20;967;Handroanthus selachidentatus;6;8.276057041
4;20;967;Handroanthus selachidentatus;6;7.957747155
4;20;968;morta;5;8.785352859
4;20;969;morta;6;5.729577951
4;20;970;Commiphora leptophloeos;8;10.18591636
4;20;971;Tachigali vulgaris;7;28.64788976
4;20;972;morta;5;10.82253613
4;20;973;Sapium glandulosum;5;5.729577951
4;20;974;Handroanthus selachidentatus;5;6.047887837
4;20;974;Handroanthus selachidentatus;5;15.27887454
4;20;975;Goniorrhachis marginata;8;11.14084602
4;20;976;morta;4;13.36901522
4;20;977;Acosmium diffusissimum;5;5.411268065
4;20;978;Goniorrhachis marginata;9;10.50422624
4;20;979;Commiphora leptophloeos;6;15.59718442
4;20;980;Goniorrhachis marginata;8;10.82253613
4;20;981;morta;4;11.4591559
4;20;982;Goniorrhachis marginata;7;5.729577951
4;20;983;morta;2;9.549296586
4;20;984;Goniorrhachis marginata;4;7.002817496
4;20;985;Goniorrhachis marginata;8;6.207042781
4;20;986;morta;2;11.4591559
4;20;987;morta;4;6.366197724
4;20;988;Goniorrhachis marginata;6;8.276057041
4;23;697;Hymenaea courbaril;4;5.092958179
4;23;697;Hymenaea courbaril;5.5;9.867606472
4;23;698;Hymenaea courbaril;4.5;4.647324338
4;23;699;Hymenaea courbaril;5.5;9.867606472
4;23;700;Hymenaea courbaril;5;8.276057041
4;23;701;Simarouba amara;3;5.729577951
4;23;701;Simarouba amara;3;5.411268065
4;23;702;Oxandra sessiliflora;3;4.901972247
4;23;702;Oxandra sessiliflora;3;4.13802852
4;23;702;Oxandra sessiliflora;3;5.092958179
4;23;703;Simarouba amara;3.5;6.175211792
4;23;704;morta;3;5.729577951
4;23;705;Simarouba amara;3.5;5.092958179
4;23;706;Hymenaea courbaril;5;7.957747155
4;23;706;Hymenaea courbaril;5;6.68450761
4;23;707;Hymenaea courbaril;4.5;6.366197724
4;23;708;Hymenaea courbaril;4.5;5.920563883
4;23;709;Hymenaea courbaril;5;7.321127382
4;23;710;Hymenaea courbaril;5;8.085071109
4;23;711;Hymenaea courbaril;4.5;5.602253997
4;23;712;Hymenaea courbaril;5;7.225634416
4;23;713;Hymenaea courbaril;5;8.594366927
4;23;713;Hymenaea courbaril;5;7.639437268
4;23;714;Hymenaea courbaril;5.5;8.626197916
4;23;715;Oxandra sessiliflora;5;6.366197724
4;23;715;Oxandra sessiliflora;5;5.092958179
4;23;715;Oxandra sessiliflora;5;5.856901906
4;23;715;Oxandra sessiliflora;5;5.092958179
4;23;715;Oxandra sessiliflora;5;5.570423008
4;23;716;Oxandra sessiliflora;4;5.347606088
4;23;717;Hymenaea courbaril;6;8.148733086
4;23;717;Hymenaea courbaril;6;7.671268257
4;23;718;Hymenaea courbaril;6;8.689859893
4;23;719;Hymenaea courbaril;6;6.525352667
4;23;720;Oxandra sessiliflora;4;4.997465213
4;23;721;Oxandra sessiliflora;4.5;5.729577951
4;23;721;Oxandra sessiliflora;4.5;5.570423008
4;23;721;Oxandra sessiliflora;4.5;5.092958179
4;23;722;Hymenaea courbaril;4;5.570423008
4;23;722;Hymenaea courbaril;4;5.092958179
4;23;723;Hymenaea courbaril;4;5.06112719
4;23;724;Hymenaea courbaril;5.5;5.570423008
4;23;724;Hymenaea courbaril;5.5;5.347606088
4;23;725;Hymenaea courbaril;6;6.366197724
4;23;726;Oxandra sessiliflora;5;7.002817496
4;23;726;Oxandra sessiliflora;5;4.774648293
4;23;727;Simarouba amara;4.5;5.856901906
4;23;728;Hymenaea courbaril;6;6.207042781
4;23;728;Hymenaea courbaril;6;5.729577951
4;23;729;Hymenaea courbaril;4.5;7.002817496
4;23;730;Hymenaea courbaril;5;5.570423008
4;23;731;Hymenaea courbaril;5;5.602253997
4;23;732;Hymenaea courbaril;5;7.161972439
4;23;733;Hymenaea courbaril;4.5;6.68450761
4;23;733;Hymenaea courbaril;4.5;7.862254189
4;23;734;Hymenaea courbaril;4;5.729577951
4;23;735;Hymenaea courbaril;4.5;5.092958179
4;23;736;Hymenaea courbaril;4.5;5.092958179
4;23;737;Hymenaea courbaril;5;9.549296586
4;23;738;Hymenaea courbaril;5.5;7.321127382
4;23;738;Hymenaea courbaril;5.5;6.207042781
4;23;738;Hymenaea courbaril;5.5;5.729577951
4;23;739;Oxandra sessiliflora;4;5.411268065
4;23;739;Oxandra sessiliflora;4;5.856901906
4;23;740;Brosimum gaudichaudii;4;5.092958179
4;23;741;Hymenaea courbaril;4.5;6.46169069
4;23;742;Hymenaea courbaril;5;9.549296586
4;23;743;Simarouba amara;3.5;5.634084985
4;23;744;Oxandra sessiliflora;4;5.729577951
4;23;745;Hymenaea courbaril;5;8.05324012
4;23;746;Hymenaea courbaril;5;8.276057041
4;23;747;Simarouba amara;4;5.411268065
4;23;748;Simarouba amara;4;5.411268065
4;24;749;Ximenia americana;4.5;5.411268065
4;24;750;Aspidosperma pyrifolium;4;5.888732894
4;24;750;Aspidosperma pyrifolium;4;5.411268065
4;24;751;Hymenaea courbaril;6;9.230986699
4;24;751;Hymenaea courbaril;6;10.50422624
4;24;752;Brosimum gaudichaudii;4;7.002817496
4;24;753;Brosimum gaudichaudii;4;5.06112719
4;24;754;Aspidosperma pyrifolium;5;8.276057041
4;24;755;Hymenaea courbaril;4.5;7.321127382
4;24;756;Hymenaea courbaril;5.5;11.14084602
4;24;757;Hymenaea courbaril;5;9.867606472
4;24;758;Hymenaea courbaril;3.5;5.411268065
4;24;759;Brosimum gaudichaudii;4;5.570423008
4;24;760;Cenostigma macrophyllum;4;5.729577951
4;24;761;Brosimum gaudichaudii;4.5;6.047887837
4;24;762;Hymenaea courbaril;6;6.175211792
4;24;762;Hymenaea courbaril;6;4.774648293
4;24;763;Hymenaea courbaril;4;7.002817496
4;24;764;Aspidosperma pyrifolium;4.5;5.029296202
4;24;765;Brosimum gaudichaudii;4;5.252113122
4;24;766;Brosimum gaudichaudii;4;4.997465213
4;24;767;Brosimum gaudichaudii;5;4.997465213
4;24;768;Brosimum gaudichaudii;4;4.997465213
4;24;769;Hymenaea courbaril;4;5.252113122
4;24;770;Hymenaea courbaril;4;4.997465213
4;24;771;Brosimum gaudichaudii;4.5;5.411268065
4;24;772;Brosimum gaudichaudii;5;5.092958179
4;24;772;Brosimum gaudichaudii;5;5.252113122
4;24;773;Brosimum gaudichaudii;4;5.092958179
4;24;774;Brosimum gaudichaudii;4.5;7.321127382
4;24;775;Brosimum gaudichaudii;4;7.002817496
4;24;776;Brosimum gaudichaudii;6;7.894085177
4;24;777;Brosimum gaudichaudii;5;7.002817496
4;24;777;Brosimum gaudichaudii;5;6.366197724
4;24;778;Brosimum gaudichaudii;4;4.774648293
4;24;779;Oxandra sessiliflora;4;5.029296202
4;24;780;Brosimum gaudichaudii;4;4.997465213
4;24;780;Brosimum gaudichaudii;4;4.997465213
4;24;781;Brosimum gaudichaudii;4.5;5.092958179
4;24;782;Hymenaea courbaril;6;10.50422624
4;24;782;Hymenaea courbaril;6;9.708451529
4;24;782;Hymenaea courbaril;6;9.867606472
4;24;783;Hymenaea courbaril;4.5;4.997465213
4;24;784;Hymenaea courbaril;6;9.803944494
4;24;785;Hymenaea courbaril;6;7.957747155
4;24;786;Hymenaea courbaril;5;7.957747155
4;24;786;Hymenaea courbaril;5;6.843662553
4;24;787;Aspidosperma pyrifolium;5;5.092958179
4;24;788;Oxandra sessiliflora;4;5.092958179
4;24;789;Oxandra sessiliflora;4;5.156620156
4;24;790;Hymenaea courbaril;6;8.276057041
4;24;791;Hymenaea courbaril;6;8.212395064
4;24;792;Hymenaea courbaril;5;6.68450761
4;24;793;Hymenaea courbaril;5;6.939155519
4;24;794;Aspidosperma pyrifolium;4;5.347606088
4;24;795;Hymenaea courbaril;3;5.347606088
4;24;796;Hymenaea courbaril;6;7.321127382
4;24;797;Hymenaea courbaril;6;7.321127382
4;24;798;Aspidosperma pyrifolium;5;6.366197724
4;24;799;Hymenaea courbaril;4.5;5.220282133
4;24;800;Hymenaea courbaril;5;8.75352187
4;24;801;Hymenaea courbaril;5;7.321127382
4;24;802;Hymenaea courbaril;5;5.888732894
4;26;1130;morta;4;5.729577951
4;26;1131;Guapira obtusata;4;6.939155519
4;26;1132;Apuleia leiocarpa;6;11.30000096
4;26;1133;morta;4;5.888732894
4;26;1134;Lachesiodendron viridiflorum;4.5;6.525352667
4;26;1135;morta;4;5.729577951
4;26;1136;Lachesiodendron viridiflorum;4.5;8.785352859
4;26;1136;Lachesiodendron viridiflorum;5;7.130141451
4;26;1137;Myrcia guianensis;4;4.997465213
4;26;1138;morta;4;9.103662745
4;26;1139;morta;4;11.4591559
4;26;1140;Myrcia guianensis;4.5;5.888732894
4;26;1141;Pseudopiptadenia brenanii;4.5;11.4591559
4;26;1142;morta;4;9.549296586
4;26;1143;Myrcia guianensis;4;5.729577951
4;26;1144;Pseudopiptadenia brenanii;4;5.092958179
4;26;1145;morta;4.5;5.729577951
4;26;1146;Pseudopiptadenia brenanii;5;9.390141642
4;26;1147;morta;5;8.403380995
4;26;1148;morta;4;11.58647986
4;26;1149;Pseudopiptadenia brenanii;5;6.525352667
4;26;1150;Pseudopiptadenia brenanii;5;6.525352667
4;26;1151;Pseudopiptadenia brenanii;4;6.780000576
4;26;1152;Pseudopiptadenia brenanii;4;6.302535746
4;26;1153;Pseudopiptadenia brenanii;4;8.116902098
4;26;1153;Pseudopiptadenia brenanii;4;6.047887837
4;26;1154;Pseudopiptadenia brenanii;4;7.002817496
4;26;1155;Pseudopiptadenia brenanii;6;12.79605742
4;26;1156;Pseudopiptadenia brenanii;4;5.53859202
4;26;1157;Pseudopiptadenia brenanii;5;5.602253997
4;26;1157;Pseudopiptadenia brenanii;5;5.729577951
4;26;1158;Myrcia guianensis;4;7.066479473
4;26;1159;morta;2;6.047887837
4;26;1160;Pseudopiptadenia brenanii;5.5;12.22309963
4;26;1161;Albizia polycephala;5.5;9.549296586
4;26;1162;Pseudopiptadenia brenanii;4;5.729577951
4;26;1163;Sapium glandulosum;6;14.96056465
4;26;1164;morta;3;4.997465213
4;26;1165;morta;5;11.77746579
4;26;1165;morta;5;10.18591636
4;26;1166;morta;5;6.68450761
4;26;1167;Pseudopiptadenia brenanii;4.5;10.18591636
4;26;1168;Sapium glandulosum;4;5.729577951
4;26;1169;Myrcia guianensis;4;6.525352667
4;26;1169;Myrcia guianensis;4;5.411268065
4;26;1170;Pseudopiptadenia brenanii;6;10.6315502
4;26;1170;Pseudopiptadenia brenanii;6;12.60507149
4;26;1170;Pseudopiptadenia brenanii;6;7.321127382
4;26;1171;Pseudopiptadenia brenanii;5;9.390141642
4;26;1172;Pseudopiptadenia brenanii;3;5.729577951
4;26;1173;Pseudopiptadenia brenanii;5;12.54140952
4;26;1174;Pseudopiptadenia brenanii;4;7.225634416
4;26;1175;Pseudopiptadenia brenanii;6;16.55211408
4;28;1201;Pseudopiptadenia brenanii;4;5.188451145
4;28;1201;Pseudopiptadenia brenanii;4;4.774648293
4;28;1201;Pseudopiptadenia brenanii;4;4.13802852
4;28;1202;Pseudopiptadenia brenanii;2;8.116902098
4;28;1202;Pseudopiptadenia brenanii;2;5.092958179
4;28;1202;Pseudopiptadenia brenanii;2;7.8304232
4;28;1202;Pseudopiptadenia brenanii;2;5.729577951
4;28;1203;morta;5.5;9.390141642
4;28;1203;morta;5.5;5.729577951
4;28;1204;Pseudopiptadenia brenanii;4.5;6.68450761
4;28;1205;Pseudopiptadenia brenanii;4;5.920563883
4;28;1206;Poecilanthe sp.1;4;5.252113122
4;28;1207;Pseudopiptadenia brenanii;6;11.65014183
4;28;1207;Pseudopiptadenia brenanii;6;7.957747155
4;28;1208;Pseudopiptadenia brenanii;4;4.774648293
4;28;1209;Pseudopiptadenia brenanii;5;8.498873961
4;28;1210;Pseudopiptadenia brenanii;5;7.480282325
4;28;1211;morta;4;5.729577951
4;28;1212;Pseudopiptadenia brenanii;6;10.9180291
4;28;1212;Pseudopiptadenia brenanii;6;9.199155711
4;28;1212;Pseudopiptadenia brenanii;6;6.366197724
4;28;1213;Pseudopiptadenia brenanii;4;5.092958179
4;28;1214;Pseudopiptadenia brenanii;3;7.957747155
4;28;1214;Pseudopiptadenia brenanii;3;5.092958179
4;28;1214;Pseudopiptadenia brenanii;3;5.092958179
4;28;1215;Casearia commersoniana;3;4.456338407
4;28;1216;Pseudopiptadenia brenanii;4.5;9.071831756
4;28;1216;Pseudopiptadenia brenanii;4.5;6.207042781
4;28;1216;Pseudopiptadenia brenanii;4.5;7.002817496
4;28;1216;Pseudopiptadenia brenanii;4.5;4.774648293
4;28;1217;morta;3;4.997465213
4;28;1218;Pseudopiptadenia brenanii;5;7.002817496
4;28;1218;Pseudopiptadenia brenanii;5;5.252113122
4;28;1218;Pseudopiptadenia brenanii;5;4.774648293
4;28;1218;Pseudopiptadenia brenanii;5;4.456338407
4;28;1219;Dalbergia miscolobium;5;6.175211792
4;28;1220;Pseudopiptadenia brenanii;4;6.525352667
4;28;1220;Pseudopiptadenia brenanii;4;5.092958179
4;28;1221;Pseudopiptadenia brenanii;5;6.238873769
4;28;1221;Pseudopiptadenia brenanii;5;6.366197724
4;28;1221;Pseudopiptadenia brenanii;5;4.774648293
4;28;1221;Pseudopiptadenia brenanii;5;5.729577951
4;28;1222;Pseudopiptadenia brenanii;4.5;6.270704758
4;28;1223;Pseudopiptadenia brenanii;4.5;11.4591559
4;28;1223;Pseudopiptadenia brenanii;4.5;11.14084602
4;28;1224;Dalbergia miscolobium;4;5.092958179
4;28;1225;Ficus caatingae;4.5;8.403380995
4;28;1226;Manihot caerulescens;4;4.774648293
4;28;1227;Pseudopiptadenia brenanii;5;5.729577951
4;28;1227;Pseudopiptadenia brenanii;5;5.092958179
4;28;1228;Ficus caatingae;4;5.729577951
4;28;1229;Pseudopiptadenia brenanii;5.5;7.321127382
4;28;1230;Pseudopiptadenia brenanii;5.5;7.002817496
4;28;1230;Pseudopiptadenia brenanii;5.5;5.092958179
4;28;1230;Pseudopiptadenia brenanii;5.5;6.525352667
4;28;1230;Pseudopiptadenia brenanii;5.5;6.175211792
4;28;1230;Pseudopiptadenia brenanii;5.5;5.411268065
4;28;1230;Pseudopiptadenia brenanii;5.5;5.092958179
4;28;1230;Pseudopiptadenia brenanii;5.5;4.774648293
4;28;1231;Pseudopiptadenia brenanii;4.5;5.602253997
4;28;1232;Pseudopiptadenia brenanii;5;7.957747155
4;28;1232;Pseudopiptadenia brenanii;5;8.594366927
4;28;1232;Pseudopiptadenia brenanii;5;7.002817496
4;28;1232;Pseudopiptadenia brenanii;5;6.366197724
4;28;1233;Manihot caerulescens;3.5;5.092958179
4;28;1234;Pseudopiptadenia brenanii;4.5;7.957747155
4;28;1234;Pseudopiptadenia brenanii;4.5;5.092958179
4;28;1235;morta;5;9.390141642
4;28;1236;Byrsonima gardneriana;5;14.00563499
4;28;1236;Byrsonima gardneriana;5;8.689859893
4;28;1236;Byrsonima gardneriana;5;5.092958179
4;28;1236;Byrsonima gardneriana;5;5.252113122
4;28;1237;Pseudopiptadenia brenanii;5;12.41408556
4;28;1237;Pseudopiptadenia brenanii;5;11.14084602
4;28;1238;Pseudopiptadenia brenanii;5;11.4591559
4;28;1238;Pseudopiptadenia brenanii;5;10.82253613
4;28;1239;Pseudopiptadenia brenanii;5;10.18591636
4;28;1239;Pseudopiptadenia brenanii;5;11.77746579
4;28;1240;Apuleia leiocarpa;4.5;6.047887837
4;28;1241;Pseudopiptadenia brenanii;4.5;5.092958179
4;28;1241;Pseudopiptadenia brenanii;4.5;5.729577951
4;28;1242;Pseudopiptadenia brenanii;4.5;7.957747155
4;28;1242;Pseudopiptadenia brenanii;4.5;6.68450761
4;28;1242;Pseudopiptadenia brenanii;4.5;5.092958179
4;28;1243;Pseudopiptadenia brenanii;4.5;5.411268065
4;28;1244;morta;4.5;5.729577951
4;28;1244;morta;4.5;5.411268065
4;28;1244;morta;4.5;8.276057041
4;28;1245;Pseudopiptadenia brenanii;4.5;7.957747155
4;28;1246;Apuleia leiocarpa;4.5;6.589014644
4;28;1247;morta;5;8.594366927
4;28;1248;morta;5;5.092958179
4;28;1248;Pseudopiptadenia brenanii;5;7.321127382
4;28;1249;Lachesiodendron viridiflorum;5;5.729577951
4;28;1250;Pseudopiptadenia brenanii;5;7.957747155
4;28;1251;Hyptidendron amethystoides;4.5;5.411268065
4;28;1252;Pseudopiptadenia brenanii;4.5;9.867606472
4;28;1252;Pseudopiptadenia brenanii;4.5;5.092958179
4;28;1253;Pseudopiptadenia brenanii;4.5;7.002817496
